idx,t,px,py,pz,vx,vy,vz,ax,ay,az,yaw,mode
0,0.0,0.0,0.0,-0.0,1.0,1.2562671501267084,0.07920924457532602,0.0,0.0,0.0,0.0,70
1,0.16722408026755853,0.16722408026755853,0.2100781187502857,-0.013245693072796993,1.0,1.2551578081875074,0.1583485437278389,0.0,0.0,0.0,0.0,70
2,0.33444816053511706,0.33444816053511706,0.4197852201296012,-0.05295937917319027,1.0,1.2518317415702827,0.3164174292945168,0.0,0.0,0.0,0.0,70
3,0.5016722408026756,0.5016722408026756,0.6287509420179388,-0.1190709202615986,1.0,1.246294824416042,0.4739274924410189,0.0,0.0,0.0,0.0,70
4,0.6688963210702341,0.6688963210702341,0.836606231639983,-0.21146355724710963,1.0,1.2385568354321432,0.6306005558403651,0.0,0.0,0.0,0.0,70
5,0.8361204013377926,0.8361204013377926,1.0429839973464148,-0.3299741161948311,1.0,1.2286314406221972,0.786159920384482,0.0,0.0,0.0,0.0,70
6,1.0033444816053512,1.0033444816053512,1.2475197569316878,-0.4743932965061337,1.0,1.2165361691506429,0.940330853860401,0.0,0.0,0.0,0.0,70
7,1.1705685618729098,1.1705685618729098,1.4498522813432855,-0.6444660405628583,1.0,1.2022923823846197,1.0928410761527048,0.0,0.0,0.0,0.0,70
8,1.3377926421404682,1.3377926421404682,1.6496242326456074,-0.8398919841826236,1.0,1.1859252361678179,1.2434212401153928,0.0,0.0,0.0,0.0,70
9,1.5050167224080266,1.5050167224080266,1.8464827951117861,-1.0603259870897452,1.0,1.1674636363929396,1.391805407263847,0.0,0.0,0.0,0.0,70
10,1.6722408026755853,1.6722408026755853,2.040080298328865,-1.3053787424648466,1.0,1.146940187951222,1.5377315174467463,0.0,0.0,0.0,0.0,70
11,1.839464882943144,1.839464882943144,2.230074831215874,-1.5746174644966842,1.0,1.124391137149175,1.6809418516685222,0.0,0.0,0.0,0.0,70
12,2.0066889632107023,2.0066889632107023,2.416130845870395,-1.8675666527218775,1.0,1.0998563076942685,1.821183487244904,0.0,0.0,0.0,0.0,70
13,2.1739130434782608,2.1739130434782608,2.5979197501771676,-2.1837089318026717,1.0,1.073379030362578,1.9582087444877754,0.0,0.0,0.0,0.0,70
14,2.3411371237458196,2.3411371237458196,2.775120488132127,-2.5224859652595955,1.0,1.0450060664726222,2.0917756241303933,0.0,0.0,0.0,0.0,70
15,2.508361204013378,2.508361204013378,2.9474201068569745,-2.8832994415452786,1.0,1.0147875253005734,2.221648234720422,0.0,0.0,0.0,0.0,70
16,2.6755852842809364,2.6755852842809364,3.114514309302887,-3.26551213071793,1.0,0.9827767755826293,2.3475972092260746,0.0,0.0,0.0,0.0,70
17,2.842809364548495,2.842809364548495,3.2761079916672182,-3.668449009848313,1.0,0.9490303512608903,2.4694001101194725,0.0,0.0,0.0,0.0,70
18,3.0100334448160533,3.0100334448160533,3.4319157645740876,-4.091398455172603,1.0,0.9136078516392068,2.5868418222218454,0.0,0.0,0.0,0.0,70
19,3.177257525083612,3.177257525083612,3.5816624570983913,-4.53361349888572,1.0,0.8765718361252987,2.699714932616884,0.0,0.0,0.0,0.0,70
20,3.3444816053511706,3.3444816053511706,3.725083602743084,-4.994313148355507,1.0,0.8379877137450468,2.807820096961068,0.0,0.0,0.0,0.0,70
21,3.511705685618729,3.511705685618729,3.86192590651145,-5.472683765427883,1.0,0.7979236276241224,2.9109663915441892,0.0,0.0,0.0,0.0,70
22,3.678929765886288,3.678929765886288,3.9919476922494797,-5.9678805033870095,1.0,0.7564503346409253,3.0089716504782897,0.0,0.0,0.0,0.0,70
23,3.8461538461538463,3.8461538461538463,4.1149193294682815,-6.479028799032663,1.0,0.7136410804633996,3.1016627874194524,0.0,0.0,0.0,0.0,70
24,4.013377926421405,4.013377926421405,4.230623638892757,-7.0052259172396685,1.0,0.669571470190412,3.1888761012542917,0.0,0.0,0.0,0.0,70
25,4.1806020066889635,4.1806020066889635,4.338856276020259,-7.545542545271557,1.0,0.6243193348261677,3.270457565211218,0.0,0.0,0.0,0.0,70
26,4.3478260869565215,4.3478260869565215,4.439426092011876,-8.099024434032717,1.0,0.5779645938234536,3.346263098885952,0.0,0.0,0.0,0.0,70
27,4.51505016722408,4.51505016722408,4.532155471278939,-8.664694083360503,1.0,0.5305891139385027,3.4161588227008544,0.0,0.0,0.0,0.0,70
28,4.682274247491639,4.682274247491639,4.616880645168567,-9.241552468380831,1.0,0.48227656464676155,3.480021294348649,0.0,0.0,0.0,0.0,70
29,4.849498327759197,4.849498327759197,4.693451981194244,-9.828580803878445,1.0,0.4331122703748122,3.537737726802867,0.0,0.0,0.0,0.0,70
30,5.016722408026756,5.016722408026756,4.761734247300611,-10.424742343565736,1.0,0.3831830598096008,3.58920618751024,0.0,0.0,0.0,0.0,70
31,5.183946488294314,5.183946488294314,4.821606850695782,-11.028984211072505,1.0,0.33257711255094147,3.634335778413003,0.0,0.0,0.0,0.0,70
32,5.351170568561873,5.351170568561873,4.872964050829354,-11.640239259422927,1.0,0.28138380337815766,3.673046796483174,0.0,0.0,0.0,0.0,70
33,5.518394648829432,5.518394648829432,4.915715146139982,-12.257427955715709,1.0,0.2296935444060128,3.705270874485588,0.0,0.0,0.0,0.0,70
34,5.68561872909699,5.68561872909699,4.949784634242736,-12.879460287678976,1.0,0.1775976254085372,3.730951101720658,0.0,0.0,0.0,0.0,70
35,5.852842809364549,5.852842809364549,4.975112345273272,-13.50523768873265,1.0,0.12518805259284443,3.750042124533998,0.0,0.0,0.0,0.0,70
36,6.020066889632107,6.020066889632107,4.991653548153386,-14.133654978158573,1.0,0.07255738610767956,3.7625102264151216,0.0,0.0,0.0,0.0,70
37,6.187290969899665,6.187290969899665,4.999379029590222,-14.763602312951754,1.0,0.01979857657364263,3.7683333875439193,0.0,0.0,0.0,0.0,70
38,6.354515050167224,6.354515050167224,4.998275145669655,-15.393967147905705,1.0,-0.03299519907620071,3.7675013236797317,0.0,0.0,0.0,0.0,70
39,6.521739130434782,6.521739130434782,4.988343845952697,-16.023636200470058,1.0,-0.08573070215540363,3.7600155043242585,0.0,0.0,0.0,0.0,70
40,6.688963210702341,6.688963210702341,4.969602670032396,-16.651497416910473,1.0,-0.1383147968922517,3.7458891501262164,0.0,0.0,0.0,0.0,70
41,6.8561872909699,6.8561872909699,4.942084716557295,-17.276441936298227,1.0,-0.19065461491615307,3.7251472095325195,0.0,0.0,0.0,0.0,70
42,7.023411371237458,7.023411371237458,4.905838584776157,-17.897366048861148,1.0,-0.24265771927177865,3.697826314727034,0.0,0.0,0.0,0.0,70
43,7.190635451505017,7.190635451505017,4.860928288707202,-18.513173145237033,1.0,-0.29423226767124333,3.66397471693469,0.0,0.0,0.0,0.0,70
44,7.357859531772576,7.357859531772576,4.807433144083434,-19.122775653187134,1.0,-0.34528717469607934,3.623652201205428,0.0,0.0,0.0,0.0,70
45,7.525083612040134,7.525083612040134,4.74544762827373,-19.725096958349216,1.0,-0.39573227266251626,3.5769299808281985,0.0,0.0,0.0,0.0,70
46,7.6923076923076925,7.6923076923076925,4.675081213427074,-20.319073305638035,1.0,-0.4454784708659279,3.5238905715617608,0.0,0.0,0.0,0.0,70
47,7.8595317725752505,7.8595317725752505,4.596458173134624,-20.903655677935088,1.0,-0.49443791292325623,3.4646276459042626,0.0,0.0,0.0,0.0,70
48,8.02675585284281,8.02675585284281,4.5097173629510685,-21.477811648749828,1.0,-0.5425241319355032,3.3992458676588906,0.0,0.0,0.0,0.0,70
49,8.193979933110368,8.193979933110368,4.415011975162884,-22.040527205580204,1.0,-0.5896522031962558,3.327860707087902,0.0,0.0,0.0,0.0,70
50,8.361204013377927,8.361204013377927,4.312509268236601,-22.590808540752473,1.0,-0.6357388941765738,3.2505982369815665,0.0,0.0,0.0,0.0,70
51,8.528428093645484,8.528428093645484,4.2023902714249,-23.12768380657738,1.0,-0.6807028115213315,3.1675949100018923,0.0,0.0,0.0,0.0,70
52,8.695652173913043,8.695652173913043,4.08484946505221,-23.650204831723002,1.0,-0.7244645447973953,3.0789973176946526,0.0,0.0,0.0,0.0,70
53,8.862876254180602,8.862876254180602,3.9600944370444995,-24.15744879577292,1.0,-0.7669468067397934,2.9849619315951323,0.0,0.0,0.0,0.0,70
54,9.03010033444816,9.03010033444816,3.828345516309804,-24.648519859012346,1.0,-0.8080745697481557,2.8856548268849203,0.0,0.0,0.0,0.0,70
55,9.19732441471572,9.19732441471572,3.689835383617022,-25.122550744563863,1.0,-0.8477751983924108,2.781251389087923,0.0,0.0,0.0,0.0,70
56,9.364548494983278,9.364548494983278,3.5448086606601676,-25.578704270078543,1.0,-0.8859785776936608,2.6719360043232276,0.0,0.0,0.0,0.0,70
57,9.531772575250836,9.531772575250836,3.393521478033859,-26.016174826277314,1.0,-0.9226172369536743,2.5579017336620495,0.0,0.0,0.0,0.0,70
58,9.698996655518394,9.698996655518394,3.23624102288302,-26.4341897997314,1.0,-0.9576264689144249,2.4393499721642375,0.0,0.0,0.0,0.0,70
59,9.866220735785953,9.866220735785953,3.0732450670256894,-26.832010937369034,1.0,-0.9909444440371048,2.3164900931959873,0.0,0.0,0.0,0.0,70
60,10.033444816053512,10.033444816053512,2.9048214763823155,-27.20893565029862,1.0,-1.0225123196987351,2.1895390786569897,0.0,0.0,0.0,0.0,70
61,10.200668896321071,10.200668896321071,2.7312677025779513,-27.56429825464562,1.0,-1.0522743441137081,2.058721135770433,0.0,0.0,0.0,0.0,70
62,10.367892976588628,10.367892976588628,2.55289025761519,-27.897471147211807,1.0,-1.0801779547966162,1.9242673011122844,0.0,0.0,0.0,0.0,70
63,10.535117056856187,10.535117056856187,2.3700041725456393,-28.207865913880497,1.0,-1.1061738713924247,1.7864150325794022,0.0,0.0,0.0,0.0,70
64,10.702341137123746,10.702341137123746,2.182932441095984,-28.49493436881027,1.0,-1.1302161827101507,1.6454077900168798,0.0,0.0,0.0,0.0,70
65,10.869565217391305,10.869565217391305,1.992005449231207,-28.758169522581795,1.0,-1.1522624278062596,1.5014946052455205,0.0,0.0,0.0,0.0,70
66,11.036789297658864,11.036789297658864,1.7975603916624514,-28.997106477588037,1.0,-1.172273670974636,1.35492964224866,0.0,0.0,0.0,0.0,70
67,11.20401337792642,11.20401337792642,1.5999406763299922,-29.211323249086362,1.0,-1.1902145705106184,1.2059717482949337,0.0,0.0,0.0,0.0,70
68,11.37123745819398,11.37123745819398,1.399495317913082,-29.400441510462596,1.0,-1.2060534411276804,1.0548839967902073,0.0,0.0,0.0,0.0,70
69,11.538461538461538,11.538461538461538,1.1965783214377905,-29.56412726139078,1.0,-1.2197623099166675,0.9019332226656296,0.0,0.0,0.0,0.0,70
70,11.705685618729097,11.705685618729097,0.9915480570713864,-29.702091417708626,1.0,-1.2313169657484782,0.7473895511224414,0.0,0.0,0.0,0.0,70
71,11.872909698996656,11.872909698996656,0.7847666272075294,-29.814090321966848,1.0,-1.2406970020331374,0.5915259205659298,0.0,0.0,0.0,0.0,70
72,12.040133779264213,12.040133779264213,0.5765992269599706,-29.899926173750742,1.0,-1.2478858527597474,0.4346176005709689,0.0,0.0,0.0,0.0,70
73,12.207357859531772,12.207357859531772,0.3674134991942374,-29.959447379013994,1.0,-1.2528708217536189,0.276941705730499,0.0,0.0,0.0,0.0,70
74,12.37458193979933,12.37458193979933,0.15757888523635138,-29.992548817807766,1.0,-1.255643105098862,0.11877670624560595,0.0,0.0,0.0,0.0,70
75,12.54180602006689,12.54180602006689,-0.052534027594680496,-29.999172029932257,1.0,-1.2561978066868833,-0.03959806387862822,0.0,0.0,0.0,0.0,70
76,12.709030100334449,12.709030100334449,-0.26255416047832614,-29.979305318182806,1.0,-1.2545339468634251,-0.19790290016281567,0.0,0.0,0.0,0.0,70
77,12.876254180602007,12.876254180602007,-0.47211059845201414,-29.93298376900824,1.0,-1.2506544641586865,-0.35585822163714836,0.0,0.0,0.0,0.0,70
78,13.043478260869565,13.043478260869565,-0.6808332454812299,-29.860289190544965,1.0,-1.2445662100976445,-0.5131850646073288,0.0,0.0,0.0,0.0,70
79,13.210702341137123,13.210702341137123,-0.888353478083332,-29.761349968136223,1.0,-1.2362799370995656,-0.6696055753301438,0.0,0.0,0.0,0.0,70
80,13.377926421404682,13.377926421404682,-1.0943047963506507,-29.63634083759174,1.0,-1.2258102794883037,-0.8248435007288613,0.0,0.0,0.0,0.0,70
81,13.545150501672241,13.545150501672241,-1.2983234712232337,-29.485482576588108,1.0,-1.2131757276466966,-0.9786246762817317,0.0,0.0,0.0,0.0,70
82,13.7123745819398,13.7123745819398,-1.5000491868679413,-29.30904161475504,1.0,-1.1983985953608531,-1.1306775102218865,0.0,0.0,0.0,0.0,70
83,13.879598662207357,13.879598662207357,-1.6991256770295378,-29.107329563135973,1.0,-1.181504980411941,-1.2807334631934122,0.0,0.0,0.0,0.0,70
84,14.046822742474916,14.046822742474916,-1.8952013542297932,-28.880702663854233,1.0,-1.1625247184850915,-1.4285275225167224,0.0,0.0,0.0,0.0,70
85,14.214046822742475,14.214046822742475,-2.087929930703482,-28.629561160956467,1.0,-1.1414913304768313,-1.573798670225471,0.0,0.0,0.0,0.0,70
86,14.381270903010034,14.381270903010034,-2.2769710299745536,-28.35434859354471,1.0,-1.11844196329407,-1.716290344048323,0.0,0.0,0.0,0.0,70
87,14.548494983277592,14.548494983277592,-2.4619907879924696,-28.05555101244532,1.0,-1.0934173242492373,-1.8557508905217002,0.0,0.0,0.0,0.0,70
88,14.715719063545151,14.715719063545151,-2.6426624427669414,-27.73369612179832,1.0,-1.066461609167401,-1.991934009433034,0.0,0.0,0.0,0.0,70
89,14.882943143812708,14.882943143812708,-2.8186669114598266,-27.389352347083104,1.0,-1.0376224243323837,-2.1245991888096567,0.0,0.0,0.0,0.0,70
90,15.050167224080267,15.050167224080267,-2.9896933539148947,-27.02312783122653,1.0,-1.0069507024096067,-2.2535121296852494,0.0,0.0,0.0,0.0,70
91,15.217391304347826,15.217391304347826,-3.1554397216302643,-26.635669360566297,1.0,-0.9745006124943525,-2.3784451598934377,0.0,0.0,0.0,0.0,70
92,15.384615384615385,15.384615384615385,-3.3156132912039764,-26.227661222566518,1.0,-0.9403294644441148,-2.4991776361578233,0.0,0.0,0.0,0.0,70
93,15.551839464882944,15.551839464882944,-3.469931181310571,-25.79982399730281,1.0,-0.9044976076641053,-2.615496333768496,0.0,0.0,0.0,0.0,70
94,15.719063545150501,15.719063545150501,-3.6181208522956494,-25.352913284851304,1.0,-0.8670683245246055,-2.727195823156478,0.0,0.0,0.0,0.0,70
95,15.88628762541806,15.88628762541806,-3.75992058750609,-24.887718370829074,1.0,-0.8281077185984635,-2.834078832701402,0.0,0.0,0.0,0.0,70
96,16.05351170568562,16.05351170568562,-3.8950799555058384,-24.405060832442807,1.0,-0.7876845979160857,-2.9359565971314012,0.0,0.0,0.0,0.0,70
97,16.220735785953178,16.220735785953178,-4.023360252360969,-23.905793087507533,1.0,-0.745870353444081,-3.0326491908999653,0.0,0.0,0.0,0.0,70
98,16.387959866220736,16.387959866220736,-4.144534923212889,-23.390796888998,1.0,-0.7027388330022362,-3.1239858459511645,0.0,0.0,0.0,0.0,70
99,16.555183946488295,16.555183946488295,-4.258389962395162,-22.860981767791422,1.0,-0.658366210841425,-3.209805253311815,0.0,0.0,0.0,0.0,70
100,16.722408026755854,16.722408026755854,-4.3647242913872795,-22.317283426351906,1.0,-0.6128308531128364,-3.2899558479779554,0.0,0.0,0.0,0.0,70
101,16.889632107023413,16.889632107023413,-4.463350113937917,-21.76066208619344,1.0,-0.5662131794661283,-3.3642960765926992,0.0,0.0,0.0,0.0,70
102,17.05685618729097,17.05685618729097,-4.5540932477304645,-21.192100792039977,1.0,-0.5185955210208925,-3.4326946474425846,0.0,0.0,0.0,0.0,70
103,17.224080267558527,17.224080267558527,-4.636793432005104,-20.612603675677537,1.0,-0.4700619749622741,-3.4950307623307904,0.0,0.0,0.0,0.0,70
104,17.391304347826086,17.391304347826086,-4.711304610594102,-20.023194182564794,1.0,-0.42069825601758154,-3.551194329917928,0.0,0.0,0.0,0.0,70
105,17.558528428093645,17.558528428093645,-4.777495189870516,-19.424913264333746,1.0,-0.3705915450761631,-3.601086160153613,0.0,0.0,0.0,0.0,70
106,17.725752508361204,17.725752508361204,-4.835248271154692,-18.818817540372947,1.0,-0.31983033521988236,-3.644618139455158,0.0,0.0,0.0,0.0,70
107,17.892976588628763,17.892976588628763,-4.8844618571681355,-18.205977431740045,1.0,-0.268504275436174,-3.6817133863243345,0.0,0.0,0.0,0.0,70
108,18.06020066889632,18.06020066889632,-4.925049032170135,-17.587475270699255,1.0,-0.21670401228964645,-3.7123063871272186,0.0,0.0,0.0,0.0,70
109,18.22742474916388,18.22742474916388,-4.956938115458987,-16.96440338922258,1.0,-0.16452102983185696,-3.736343111797242,0.0,0.0,0.0,0.0,70
110,18.39464882943144,18.39464882943144,-4.980072787966742,-16.33786218983061,1.0,-0.11204748803204999,-3.753781109257531,0.0,0.0,0.0,0.0,70
111,18.561872909698998,18.561872909698998,-4.994412191723887,-15.708958202179923,1.0,-0.059376060014105086,-3.7645895823930347,0.0,0.0,0.0,0.0,70
112,18.729096989966557,18.729096989966557,-4.9999310020182826,-15.078802128829592,1.0,-0.006599768387245563,-3.7687494424413712,0.0,0.0,0.0,0.0,70
113,18.896321070234112,18.896321070234112,-4.996619472120959,-14.44850688363767,1.0,0.04618817904046734,-3.766253342705448,0.0,0.0,0.0,0.0,70
114,19.06354515050167,19.06354515050167,-4.984483450499732,-13.81918562625253,1.0,0.09889455387575974,-3.7571056915278302,0.0,0.0,0.0,0.0,70
115,19.23076923076923,19.23076923076923,-4.96354437049027,-13.191949796170165,1.0,0.15142627179008986,-3.7413226445059675,0.0,0.0,0.0,0.0,70
116,19.39799331103679,19.39799331103679,-4.933839212442845,-12.567907149829127,1.0,0.2036905569151783,-3.7189320759593887,0.0,0.0,0.0,0.0,70
117,19.565217391304348,19.565217391304348,-4.895420438411615,-11.948159804210501,1.0,0.2555951056937733,-3.6899735297012044,0.0,0.0,0.0,0.0,70
118,19.732441471571907,19.732441471571907,-4.848355899501784,-11.333802290397283,1.0,0.30704824989624585,-3.6544981492002777,0.0,0.0,0.0,0.0,70
119,19.899665551839465,19.899665551839465,-4.7927287160382885,-10.725919620531476,1.0,0.35795911851516055,-3.612568587256719,0.0,0.0,0.0,0.0,70
120,20.066889632107024,20.066889632107024,-4.728637130767616,-10.125585371582325,1.0,0.4082377982518807,-3.5642588953516645,0.0,0.0,0.0,0.0,70
121,20.234113712374583,20.234113712374583,-4.6561943353520405,-9.533859789310181,1.0,0.45779549231175304,-3.509654392865307,0.0,0.0,0.0,0.0,70
122,20.401337792642142,20.401337792642142,-4.575528270462682,-8.951787915774528,1.0,0.5065446772274639,-3.4488515163950435,0.0,0.0,0.0,0.0,70
123,20.568561872909697,20.568561872909697,-4.486781399824462,-8.38039774369312,1.0,0.5543992574335332,-3.381957649439405,0.0,0.0,0.0,0.0,70
124,20.735785953177256,20.735785953177256,-4.390110458612003,-7.82069840091186,1.0,0.6012747173190984,-3.309090932749144,0.0,0.0,0.0,0.0,70
125,20.903010033444815,20.903010033444815,-4.285686176640817,-7.273678368191732,1.0,0.6470882704902717,-3.230380055679592,0.0,0.0,0.0,0.0,70
126,21.070234113712374,21.070234113712374,-4.173692976842681,-6.74030373346049,1.0,0.6917590059785124,-3.145964028913177,0.0,0.0,0.0,0.0,70
127,21.237458193979933,21.237458193979933,-4.054328649557702,-6.221516485612072,1.0,0.7352080311369641,-3.0559919389541523,0.0,0.0,0.0,0.0,70
128,21.40468227424749,21.40468227424749,-3.927804003218278,-5.718232850867126,1.0,0.7773586109720665,-2.9606226848276185,0.0,0.0,0.0,0.0,70
129,21.57190635451505,21.57190635451505,-3.79434249204196,-5.231341674632933,1.0,0.8181363036646961,-2.860024697449337,0.0,0.0,0.0,0.0,70
130,21.73913043478261,21.73913043478261,-3.65417982139062,-4.761702851720188,1.0,0.857469092041318,-2.7543756421613255,0.0,0.0,0.0,0.0,70
131,21.906354515050168,21.906354515050168,-3.5075635314930236,-4.310145807689344,1.0,0.8952875107629354,-2.6438621049582443,0.0,0.0,0.0,0.0,70
132,22.073578595317727,22.073578595317727,-3.354752560265892,-3.877468034008399,1.0,0.93152476900731,-2.528679262959335,0.0,0.0,0.0,0.0,70
133,22.240802675585286,22.240802675585286,-3.1960167860056283,-3.4644336796092974,1.0,0.9661168684276573,-2.4090305397074556,0.0,0.0,0.0,0.0,70
134,22.40802675585284,22.40802675585284,-3.031636550758317,-3.0717722013303272,1.0,0.999002716179787,-2.285127245904642,0.0,0.0,0.0,0.0,70
135,22.5752508361204,22.5752508361204,-2.861902165209716,-2.7001770756278183,1.0,1.0301242328176248,-2.157188206217701,0.0,0.0,0.0,0.0,70
136,22.74247491638796,22.74247491638796,-2.687113395969813,-2.350304573832767,1.0,1.0594264548668095,-2.0254393728134024,0.0,0.0,0.0,0.0,70
137,22.909698996655518,22.909698996655518,-2.5075789361572705,-2.0227726031149733,1.0,1.0868576318953902,-1.8901134263064192,0.0,0.0,0.0,0.0,70
138,23.076923076923077,23.076923076923077,-2.3236158602188457,-1.7181596152018563,1.0,1.1123693179098675,-1.751449364823794,0.0,0.0,0.0,0.0,70
139,23.244147157190636,23.244147157190636,-2.1355490639466117,-1.437003584779255,1.0,1.1359164569152094,-1.6096920819119809,0.0,0.0,0.0,0.0,70
140,23.411371237458194,23.411371237458194,-1.9437106906819857,-1.1798010593784503,1.0,1.1574574624879337,-1.4650919340323407,0.0,0.0,0.0,0.0,70
141,23.578595317725753,23.578595317725753,-1.7484395447198773,-0.9470062824273007,1.0,1.1769542912215731,-1.3179042984084521,0.0,0.0,0.0,0.0,70
142,23.745819397993312,23.745819397993312,-1.5500804929490173,-0.7390303910144186,1.0,1.194372509914916,-1.1683891220064229,0.0,0.0,0.0,0.0,70
143,23.91304347826087,23.91304347826087,-1.348983855785122,-0.5562406897830113,1.0,1.2096813563841742,-1.0168104624444823,0.0,0.0,0.0,0.0,70
144,24.080267558528426,24.080267558528426,-1.1455047884727083,-0.3989600022370027,1.0,1.222853793791721,-0.8634360216426664,0.0,0.0,0.0,0.0,70
145,24.247491638795985,24.247491638795985,-0.940002653848095,-0.26746610060486453,1.0,1.2338665583958714,-0.7085366730367629,0.0,0.0,0.0,0.0,70
146,24.414715719063544,24.414715719063544,-0.7328403876714127,-0.16199121526818516,1.0,1.2427002006366745,-0.5523859831906303,0.0,0.0,0.0,0.0,70
147,24.581939799331103,24.581939799331103,-0.5243838576485375,-0.08272162462137578,1.0,1.24933911948558,-0.39525972865234726,0.0,0.0,0.0,0.0,70
148,24.74916387959866,24.74916387959866,-0.31500121727489677,-0.02979732608679786,1.0,1.2537715899984125,-0.23743540890742776,0.0,0.0,0.0,0.0,70
149,24.91638795986622,24.91638795986622,-0.1050622556423786,-0.0033117888663830586,1.0,1.2559897840226435,-0.0791917562890401,0.0,0.0,0.0,0.0,70
150,25.08361204013378,25.08361204013378,0.10506225564237615,-0.0033117888663830586,1.0,1.2559897840226433,0.07919175628903512,0.0,0.0,0.0,0.0,70
151,25.25083612040134,25.25083612040134,0.3150012172748943,-0.029797326086796194,1.0,1.2537715899984125,0.2374354089074228,0.0,0.0,0.0,0.0,70
152,25.418060200668897,25.418060200668897,0.524383857648535,-0.08272162462137411,1.0,1.2493391194855799,0.39525972865234726,0.0,0.0,0.0,0.0,70
153,25.585284280936456,25.585284280936456,0.7328403876714101,-0.1619912152681835,1.0,1.2427002006366745,0.5523859831906303,0.0,0.0,0.0,0.0,70
154,25.752508361204015,25.752508361204015,0.9400026538480926,-0.26746610060486287,1.0,1.233866558395885,0.7085366730367705,0.0,0.0,0.0,0.0,70
155,25.91973244147157,25.91973244147157,1.1455047884727059,-0.398960002237001,1.0,1.222853793791709,0.8634360216426564,0.0,0.0,0.0,0.0,70
156,26.08695652173913,26.08695652173913,1.3489838557851155,-0.5562406897830063,1.0,1.2096813563841622,1.0168104624444665,0.0,0.0,0.0,0.0,70
157,26.254180602006688,26.254180602006688,1.550080492949015,-0.7390303910144153,1.0,1.194372509914942,1.1683891220064477,0.0,0.0,0.0,0.0,70
158,26.421404682274247,26.421404682274247,1.7484395447198795,-0.947006282427304,1.0,1.1769542912215738,1.3179042984084521,0.0,0.0,0.0,0.0,70
159,26.588628762541806,26.588628762541806,1.9437106906819837,-1.179801059378447,1.0,1.1574574624879084,1.4650919340323054,0.0,0.0,0.0,0.0,70
160,26.755852842809364,26.755852842809364,2.1355490639466055,-1.4370035847792466,1.0,1.135916456915198,1.6096920819119611,0.0,0.0,0.0,0.0,70
161,26.923076923076923,26.923076923076923,2.32361586021884,-1.7181596152018463,1.0,1.1123693179098926,1.75144936482383,0.0,0.0,0.0,0.0,70
162,27.090301003344482,27.090301003344482,2.5075789361572727,-2.022772603114977,1.0,1.0868576318954113,1.8901134263064596,0.0,0.0,0.0,0.0,70
163,27.25752508361204,27.25752508361204,2.6871133959698144,-2.3503045738327706,1.0,1.059426454866787,2.0254393728133557,0.0,0.0,0.0,0.0,70
164,27.4247491638796,27.4247491638796,2.8619021652097105,-2.7001770756278063,1.0,1.0301242328176048,2.1571882062176555,0.0,0.0,0.0,0.0,70
165,27.59197324414716,27.59197324414716,3.0316365507583116,-3.0717722013303157,1.0,0.9990027161798068,2.2851272459046927,0.0,0.0,0.0,0.0,70
166,27.759197324414714,27.759197324414714,3.1960167860056297,-3.4644336796093023,1.0,0.9661168684276573,2.4090305397074503,0.0,0.0,0.0,0.0,70
167,27.926421404682273,27.926421404682273,3.3547525602658865,-3.877468034008386,1.0,0.9315247690072913,2.5286792629592805,0.0,0.0,0.0,0.0,70
168,28.093645484949832,28.093645484949832,3.5075635314930187,-4.310145807689331,1.0,0.8952875107629474,2.643862104958263,0.0,0.0,0.0,0.0,70
169,28.26086956521739,28.26086956521739,3.6541798213906187,-4.761702851720181,1.0,0.8574690920413366,2.754375642161381,0.0,0.0,0.0,0.0,70
170,28.42809364548495,28.42809364548495,3.7943424920419613,-5.231341674632938,1.0,0.8181363036646948,2.8600246974493397,0.0,0.0,0.0,0.0,70
171,28.59531772575251,28.59531772575251,3.9278040032182764,-5.718232850867119,1.0,0.7773586109720493,2.9606226848275523,0.0,0.0,0.0,0.0,70
172,28.762541806020067,28.762541806020067,4.054328649557697,-6.221516485612055,1.0,0.7352080311369641,3.0559919389541523,0.0,0.0,0.0,0.0,70
173,28.929765886287626,28.929765886287626,4.17369297684268,-6.740303733460483,1.0,0.6917590059785284,3.145964028913243,0.0,0.0,0.0,0.0,70
174,29.096989966555185,29.096989966555185,4.285686176640818,-7.273678368191737,1.0,0.6470882704902744,3.230380055679592,0.0,0.0,0.0,0.0,70
175,29.264214046822744,29.264214046822744,4.3901104586120026,-7.820698400911854,1.0,0.6012747173190984,3.3090909327491387,0.0,0.0,0.0,0.0,70
176,29.431438127090303,29.431438127090303,4.486781399824463,-8.380397743693123,1.0,0.5543992574335252,3.381957649439365,0.0,0.0,0.0,0.0,70
177,29.598662207357858,29.598662207357858,4.575528270462678,-8.951787915774508,1.0,0.5065446772274586,3.4488515163950115,0.0,0.0,0.0,0.0,70
178,29.765886287625417,29.765886287625417,4.65619433535204,-9.533859789310174,1.0,0.457795492311761,3.509654392865344,0.0,0.0,0.0,0.0,70
179,29.933110367892976,29.933110367892976,4.728637130767615,-10.125585371582318,1.0,0.4082377982518834,3.56425889535167,0.0,0.0,0.0,0.0,70
180,30.100334448160535,30.100334448160535,4.7927287160382885,-10.72591962053147,1.0,0.3579591185151579,3.612568587256676,0.0,0.0,0.0,0.0,70
181,30.267558528428093,30.267558528428093,4.848355899501782,-11.333802290397262,1.0,0.3070482498962432,3.6544981492002724,0.0,0.0,0.0,0.0,70
182,30.434782608695652,30.434782608695652,4.895420438411614,-11.948159804210494,1.0,0.25559510569377863,3.6899735297012786,0.0,0.0,0.0,0.0,70
183,30.60200668896321,30.60200668896321,4.933839212442845,-12.56790714982913,1.0,0.20369055691518095,3.7189320759593887,0.0,0.0,0.0,0.0,70
184,30.76923076923077,30.76923076923077,4.96354437049027,-13.191949796170158,1.0,0.1514262717900872,3.741322644505936,0.0,0.0,0.0,0.0,70
185,30.93645484949833,30.93645484949833,4.984483450499731,-13.819185626252523,1.0,0.09889455387575709,3.7571056915277823,0.0,0.0,0.0,0.0,70
186,31.103678929765888,31.103678929765888,4.996619472120958,-14.448506883637647,1.0,0.04618817904047,3.766253342705453,0.0,0.0,0.0,0.0,70
187,31.270903010033443,31.270903010033443,4.9999310020182826,-15.078802128829587,1.0,-0.006599768387242908,3.7687494424414187,0.0,0.0,0.0,0.0,70
188,31.438127090301002,31.438127090301002,4.994412191723887,-15.708958202179916,1.0,-0.05937606001409977,3.7645895823929867,0.0,0.0,0.0,0.0,70
189,31.60535117056856,31.60535117056856,4.980072787966744,-16.337862189830588,1.0,-0.11204748803204999,3.753781109257531,0.0,0.0,0.0,0.0,70
190,31.77257525083612,31.77257525083612,4.956938115458987,-16.96440338922257,1.0,-0.16452102983185962,3.736343111797284,0.0,0.0,0.0,0.0,70
191,31.93979933110368,31.93979933110368,4.9250490321701355,-17.587475270699247,1.0,-0.21670401228964645,3.712306387127208,0.0,0.0,0.0,0.0,70
192,32.10702341137124,32.10702341137124,4.8844618571681355,-18.205977431740035,1.0,-0.268504275436174,3.6817133863243345,0.0,0.0,0.0,0.0,70
193,32.274247491638796,32.274247491638796,4.8352482711546925,-18.81881754037294,1.0,-0.3198303352198797,3.6446181394551687,0.0,0.0,0.0,0.0,70
194,32.441471571906355,32.441471571906355,4.777495189870517,-19.42491326433374,1.0,-0.3705915450761605,3.601086160153613,0.0,0.0,0.0,0.0,70
195,32.608695652173914,32.608695652173914,4.711304610594103,-20.023194182564787,1.0,-0.42069825601758154,3.551194329917928,0.0,0.0,0.0,0.0,70
196,32.77591973244147,32.77591973244147,4.6367934320051045,-20.61260367567753,1.0,-0.47006197496227675,3.4950307623307904,0.0,0.0,0.0,0.0,70
197,32.94314381270903,32.94314381270903,4.554093247730465,-21.19210079203997,1.0,-0.5185955210208922,3.4326946474425797,0.0,0.0,0.0,0.0,70
198,33.11036789297659,33.11036789297659,4.463350113937916,-21.760662086193445,1.0,-0.5662131794661276,3.3642960765926953,0.0,0.0,0.0,0.0,70
199,33.27759197324415,33.27759197324415,4.364724291387279,-22.31728342635191,1.0,-0.6128308531128337,3.2899558479779447,0.0,0.0,0.0,0.0,70
200,33.44481605351171,33.44481605351171,4.258389962395162,-22.860981767791422,1.0,-0.658366210841425,3.209805253311815,0.0,0.0,0.0,0.0,70
201,33.61204013377927,33.61204013377927,4.1445349232128885,-23.390796888998004,1.0,-0.7027388330022414,3.123985845951186,0.0,0.0,0.0,0.0,70
202,33.779264214046826,33.779264214046826,4.023360252360967,-23.90579308750754,1.0,-0.7458703534440809,3.032649190899955,0.0,0.0,0.0,0.0,70
203,33.94648829431438,33.94648829431438,3.895079955505843,-24.405060832442786,1.0,-0.7876845979160838,2.9359565971313892,0.0,0.0,0.0,0.0,70
204,34.11371237458194,34.11371237458194,3.7599205875060946,-24.887718370829056,1.0,-0.8281077185984622,2.8340788327014232,0.0,0.0,0.0,0.0,70
205,34.280936454849495,34.280936454849495,3.6181208522956543,-25.35291328485129,1.0,-0.8670683245246062,2.727195823156485,0.0,0.0,0.0,0.0,70
206,34.448160535117054,34.448160535117054,3.4699311813105735,-25.7998239973028,1.0,-0.9044976076641097,2.6154963337685033,0.0,0.0,0.0,0.0,70
207,34.61538461538461,34.61538461538461,3.315613291203978,-26.22766122256651,1.0,-0.9403294644441174,2.4991776361578446,0.0,0.0,0.0,0.0,70
208,34.78260869565217,34.78260869565217,3.155439721630266,-26.635669360566293,1.0,-0.9745006124943525,2.3784451598934377,0.0,0.0,0.0,0.0,70
209,34.94983277591973,34.94983277591973,2.9896933539148964,-27.023127831226525,1.0,-1.0069507024096067,2.25351212968526,0.0,0.0,0.0,0.0,70
210,35.11705685618729,35.11705685618729,2.8186669114598284,-27.389352347083104,1.0,-1.0376224243323835,2.1245991888096665,0.0,0.0,0.0,0.0,70
211,35.28428093645485,35.28428093645485,2.6426624427669414,-27.73369612179832,1.0,-1.066461609167406,1.9919340094330233,0.0,0.0,0.0,0.0,70
212,35.45150501672241,35.45150501672241,2.461990787992468,-28.05555101244532,1.0,-1.093417324249236,1.8557508905217002,0.0,0.0,0.0,0.0,70
213,35.618729096989966,35.618729096989966,2.276971029974554,-28.35434859354471,1.0,-1.1184419632940688,1.716290344048323,0.0,0.0,0.0,0.0,70
214,35.785953177257525,35.785953177257525,2.087929930703481,-28.629561160956467,1.0,-1.1414913304768075,1.5737986702254496,0.0,0.0,0.0,0.0,70
215,35.953177257525084,35.953177257525084,1.8952013542298016,-28.880702663854226,1.0,-1.1625247184850929,1.428527522516733,0.0,0.0,0.0,0.0,70
216,36.12040133779264,36.12040133779264,1.699125677029536,-29.107329563135977,1.0,-1.1815049804119653,1.2807334631934266,0.0,0.0,0.0,0.0,70
217,36.2876254180602,36.2876254180602,1.5000491868679395,-29.30904161475504,1.0,-1.1983985953608536,1.1306775102218805,0.0,0.0,0.0,0.0,70
218,36.45484949832776,36.45484949832776,1.2983234712232297,-29.48548257658811,1.0,-1.2131757276466713,0.9786246762817317,0.0,0.0,0.0,0.0,70
219,36.62207357859532,36.62207357859532,1.0943047963506574,-29.63634083759174,1.0,-1.2258102794882777,0.8248435007288294,0.0,0.0,0.0,0.0,70
220,36.78929765886288,36.78929765886288,0.8883534780833366,-29.761349968136216,1.0,-1.2362799370995918,0.6696055753301438,0.0,0.0,0.0,0.0,70
221,36.95652173913044,36.95652173913044,0.6808332454812278,-29.860289190544965,1.0,-1.2445662100976709,0.5131850646073579,0.0,0.0,0.0,0.0,70
222,37.123745819397996,37.123745819397996,0.47211059845200776,-29.932983769008242,1.0,-1.2506544641586663,0.3558582216371465,0.0,0.0,0.0,0.0,70
223,37.290969899665555,37.290969899665555,0.2625541604783286,-29.979305318182806,1.0,-1.2545339468633987,0.19790290016280504,0.0,0.0,0.0,0.0,70
224,37.458193979933114,37.458193979933114,0.05253402759468295,-29.999172029932257,1.0,-1.2561978066868835,0.03959806387862907,0.0,0.0,0.0,0.0,70
225,37.625418060200666,37.625418060200666,-0.15757888523634006,-29.992548817807766,1.0,-1.2556431050988623,-0.11877670624560847,0.0,0.0,0.0,0.0,70
226,37.792642140468224,37.792642140468224,-0.36741349919422617,-29.959447379013994,1.0,-1.2528708217536257,-0.2769417057304884,0.0,0.0,0.0,0.0,70
227,37.95986622073578,37.95986622073578,-0.5765992269599616,-29.899926173750746,1.0,-1.247885852759774,-0.43461760057096654,0.0,0.0,0.0,0.0,70
228,38.12709030100334,38.12709030100334,-0.7847666272075293,-29.814090321966848,1.0,-1.2406970020331312,-0.5915259205659266,0.0,0.0,0.0,0.0,70
229,38.2943143812709,38.2943143812709,-0.9915480570713775,-29.70209141770863,1.0,-1.2313169657484526,-0.7473895511224202,0.0,0.0,0.0,0.0,70
230,38.46153846153846,38.46153846153846,-1.1965783214377819,-29.564127261390787,1.0,-1.2197623099166741,-0.901933222665619,0.0,0.0,0.0,0.0,70
231,38.62876254180602,38.62876254180602,-1.3994953179130754,-29.400441510462603,1.0,-1.2060534411277057,-1.0548839967902284,0.0,0.0,0.0,0.0,70
232,38.79598662207358,38.79598662207358,-1.599940676329992,-29.211323249086362,1.0,-1.1902145705106129,-1.2059717482949273,0.0,0.0,0.0,0.0,70
233,38.96321070234114,38.96321070234114,-1.797560391662445,-28.997106477588044,1.0,-1.1722736709746173,-1.3549296422486317,0.0,0.0,0.0,0.0,70
234,39.130434782608695,39.130434782608695,-1.9920054492312025,-28.758169522581802,1.0,-1.1522624278062656,-1.5014946052455311,0.0,0.0,0.0,0.0,70
235,39.297658862876254,39.297658862876254,-2.1829324410959794,-28.494934368810274,1.0,-1.130216182710152,-1.6454077900168798,0.0,0.0,0.0,0.0,70
236,39.46488294314381,39.46488294314381,-2.3700041725456353,-28.207865913880504,1.0,-1.106173871392426,-1.7864150325793915,0.0,0.0,0.0,0.0,70
237,39.63210702341137,39.63210702341137,-2.552890257615186,-27.897471147211814,1.0,-1.080177954796616,-1.9242673011122848,0.0,0.0,0.0,0.0,70
238,39.79933110367893,39.79933110367893,-2.731267702577949,-27.564298254645625,1.0,-1.0522743441137092,-2.058721135770433,0.0,0.0,0.0,0.0,70
239,39.96655518394649,39.96655518394649,-2.9048214763823137,-27.208935650298624,1.0,-1.0225123196987365,-2.1895390786570004,0.0,0.0,0.0,0.0,70
240,40.13377926421405,40.13377926421405,-3.0732450670256877,-26.832010937369034,1.0,-0.9909444440371101,-2.316490093195998,0.0,0.0,0.0,0.0,70
241,40.30100334448161,40.30100334448161,-3.23624102288302,-26.4341897997314,1.0,-0.9576264689144303,-2.4393499721642375,0.0,0.0,0.0,0.0,70
242,40.468227424749166,40.468227424749166,-3.393521478033859,-26.016174826277314,1.0,-0.922617236953668,-2.557901733662025,0.0,0.0,0.0,0.0,70
243,40.635451505016725,40.635451505016725,-3.544808660660167,-25.578704270078546,1.0,-0.8859785776936548,-2.6719360043232028,0.0,0.0,0.0,0.0,70
244,40.802675585284284,40.802675585284284,-3.6898353836170217,-25.122550744563867,1.0,-0.8477751983924161,-2.7812513890879442,0.0,0.0,0.0,0.0,70
245,40.96989966555184,40.96989966555184,-3.8283455163098052,-24.648519859012342,1.0,-0.8080745697481782,-2.885654826885003,0.0,0.0,0.0,0.0,70
246,41.137123745819395,41.137123745819395,-3.960094437044501,-24.157448795772915,1.0,-0.7669468067398111,-2.984961931595185,0.0,0.0,0.0,0.0,70
247,41.30434782608695,41.30434782608695,-4.084849465052212,-23.650204831723002,1.0,-0.7244645447973808,-3.078997317694589,0.0,0.0,0.0,0.0,70
248,41.47157190635451,41.47157190635451,-4.202390271424896,-23.127683806577398,1.0,-0.6807028115213173,-3.167594910001833,0.0,0.0,0.0,0.0,70
249,41.63879598662207,41.63879598662207,-4.3125092682365995,-22.590808540752487,1.0,-0.6357388941765757,-3.2505982369815705,0.0,0.0,0.0,0.0,70
250,41.80602006688963,41.80602006688963,-4.415011975162882,-22.040527205580215,1.0,-0.5896522031962531,-3.327860707087902,0.0,0.0,0.0,0.0,70
251,41.97324414715719,41.97324414715719,-4.509717362951066,-21.477811648749842,1.0,-0.5425241319355032,-3.39924586765888,0.0,0.0,0.0,0.0,70
252,42.14046822742475,42.14046822742475,-4.596458173134622,-20.903655677935102,1.0,-0.4944379129232602,-3.4646276459042746,0.0,0.0,0.0,0.0,70
253,42.30769230769231,42.30769230769231,-4.675081213427073,-20.319073305638042,1.0,-0.44547847086592407,-3.5238905715616986,0.0,0.0,0.0,0.0,70
254,42.474916387959865,42.474916387959865,-4.745447628273728,-19.725096958349248,1.0,-0.3957322726625258,-3.576929980828274,0.0,0.0,0.0,0.0,70
255,42.642140468227424,42.642140468227424,-4.807433144083436,-19.122775653187112,1.0,-0.3452871746960864,-3.6236522012055037,0.0,0.0,0.0,0.0,70
256,42.80936454849498,42.80936454849498,-4.860928288707202,-18.513173145237037,1.0,-0.2942322676712354,-3.6639747169346153,0.0,0.0,0.0,0.0,70
257,42.97658862876254,42.97658862876254,-4.905838584776157,-17.89736604886115,1.0,-0.242657719271778,-3.6978263147270347,0.0,0.0,0.0,0.0,70
258,43.1438127090301,43.1438127090301,-4.942084716557295,-17.276441936298227,1.0,-0.19065461491615257,-3.7251472095325204,0.0,0.0,0.0,0.0,70
259,43.31103678929766,43.31103678929766,-4.969602670032396,-16.651497416910473,1.0,-0.1383147968922517,-3.7458891501262164,0.0,0.0,0.0,0.0,70
260,43.47826086956522,43.47826086956522,-4.988343845952697,-16.023636200470058,1.0,-0.0857307021554034,-3.7600155043242696,0.0,0.0,0.0,0.0,70
261,43.64548494983278,43.64548494983278,-4.998275145669655,-15.393967147905698,1.0,-0.032995199076200625,-3.7675013236796633,0.0,0.0,0.0,0.0,70
262,43.812709030100336,43.812709030100336,-4.999379029590222,-14.763602312951773,1.0,0.01979857657364263,-3.7683333875438447,0.0,0.0,0.0,0.0,70
263,43.979933110367895,43.979933110367895,-4.991653548153386,-14.13365497815859,1.0,0.07255738610767672,-3.762510226415122,0.0,0.0,0.0,0.0,70
264,44.147157190635454,44.147157190635454,-4.975112345273273,-13.505237688732667,1.0,0.1251880525928441,-3.7500421245340783,0.0,0.0,0.0,0.0,70
265,44.31438127090301,44.31438127090301,-4.949784634242736,-12.879460287678963,1.0,0.17759762540854207,-3.730951101720738,0.0,0.0,0.0,0.0,70
266,44.48160535117057,44.48160535117057,-4.9157151461399815,-12.257427955715695,1.0,0.22969354440601442,-3.705270874485588,0.0,0.0,0.0,0.0,70
267,44.64882943143812,44.64882943143812,-4.872964050829355,-11.640239259422938,1.0,0.2813838033781504,-3.673046796483098,0.0,0.0,0.0,0.0,70
268,44.81605351170568,44.81605351170568,-4.821606850695786,-11.028984211072542,1.0,0.33257711255093264,-3.6343357784129244,0.0,0.0,0.0,0.0,70
269,44.98327759197324,44.98327759197324,-4.761734247300614,-10.42474234356577,1.0,0.38318305980960243,-3.589206187510252,0.0,0.0,0.0,0.0,70
270,45.1505016722408,45.1505016722408,-4.693451981194246,-9.828580803878475,1.0,0.43311227037480843,-3.537737726802879,0.0,0.0,0.0,0.0,70
271,45.31772575250836,45.31772575250836,-4.616880645168571,-9.241552468380858,1.0,0.4822765646467682,-3.4800212943487243,0.0,0.0,0.0,0.0,70
272,45.48494983277592,45.48494983277592,-4.532155471278939,-8.664694083360505,1.0,0.530589113938516,-3.4161588227009343,0.0,0.0,0.0,0.0,70
273,45.65217391304348,45.65217391304348,-4.439426092011876,-8.099024434032717,1.0,0.577964593823452,-3.3462630988859505,0.0,0.0,0.0,0.0,70
274,45.819397993311036,45.819397993311036,-4.338856276020259,-7.545542545271556,1.0,0.6243193348261661,-3.2704575652112147,0.0,0.0,0.0,0.0,70
275,45.986622073578594,45.986622073578594,-4.230623638892757,-7.005225917239667,1.0,0.6695714701903978,-3.188876101254229,0.0,0.0,0.0,0.0,70
276,46.15384615384615,46.15384615384615,-4.114919329468286,-6.479028799032681,1.0,0.713641080463387,-3.101662787419391,0.0,0.0,0.0,0.0,70
277,46.32107023411371,46.32107023411371,-3.991947692249483,-5.9678805033870255,1.0,0.7564503346409243,-3.0089716504782964,0.0,0.0,0.0,0.0,70
278,46.48829431438127,46.48829431438127,-3.8619259065114546,-5.472683765427898,1.0,0.79792362762412,-2.9109663915441932,0.0,0.0,0.0,0.0,70
279,46.65551839464883,46.65551839464883,-3.725083602743088,-4.994313148355521,1.0,0.8379877137450484,-2.8078200969610765,0.0,0.0,0.0,0.0,70
280,46.82274247491639,46.82274247491639,-3.5816624570983944,-4.53361349888573,1.0,0.87657183612532,-2.699714932616949,0.0,0.0,0.0,0.0,70
281,46.98996655518395,46.98996655518395,-3.431915764574084,-4.091398455172593,1.0,0.9136078516392269,-2.586841822221902,0.0,0.0,0.0,0.0,70
282,47.15719063545151,47.15719063545151,-3.2761079916672142,-3.668449009848303,1.0,0.9490303512608917,-2.4694001101194716,0.0,0.0,0.0,0.0,70
283,47.324414715719065,47.324414715719065,-3.114514309302882,-3.2655121307179185,1.0,0.9827767755826081,-2.347597209226029,0.0,0.0,0.0,0.0,70
284,47.491638795986624,47.491638795986624,-2.9474201068569768,-2.8832994415452817,1.0,1.0147875253005534,-2.2216482347203708,0.0,0.0,0.0,0.0,70
285,47.65886287625418,47.65886287625418,-2.775120488132128,-2.522485965259599,1.0,1.0450060664726233,-2.091775624130396,0.0,0.0,0.0,0.0,70
286,47.82608695652174,47.82608695652174,-2.597919750177169,-2.183708931802673,1.0,1.0733790303625765,-1.9582087444877834,0.0,0.0,0.0,0.0,70
287,47.9933110367893,47.9933110367893,-2.416130845870396,-1.8675666527218775,1.0,1.0998563076942929,-1.8211834872449417,0.0,0.0,0.0,0.0,70
288,48.16053511705685,48.16053511705685,-2.230074831215874,-1.5746174644966842,1.0,1.1243911371492006,-1.6809418516685546,0.0,0.0,0.0,0.0,70
289,48.32775919732441,48.32775919732441,-2.0400802983288644,-1.3053787424648466,1.0,1.1469401879511985,-1.537731517446719,0.0,0.0,0.0,0.0,70
290,48.49498327759197,48.49498327759197,-1.8464827951117935,-1.0603259870897537,1.0,1.1674636363929154,-1.3918054072638244,0.0,0.0,0.0,0.0,70
291,48.66220735785953,48.66220735785953,-1.6496242326456143,-0.8398919841826302,1.0,1.1859252361678179,-1.2434212401154,0.0,0.0,0.0,0.0,70
292,48.82943143812709,48.82943143812709,-1.4498522813432917,-0.6444660405628633,1.0,1.2022923823846199,-1.0928410761527074,0.0,0.0,0.0,0.0,70
293,48.99665551839465,48.99665551839465,-1.2475197569316938,-0.4743932965061387,1.0,1.2165361691506436,-0.9403308538604044,0.0,0.0,0.0,0.0,70
294,49.163879598662206,49.163879598662206,-1.04298399734642,-0.3299741161948344,1.0,1.2286314406221985,-0.7861599203844903,0.0,0.0,0.0,0.0,70
295,49.331103678929765,49.331103678929765,-0.8366062316399878,-0.2114635572471113,1.0,1.2385568354321437,-0.6306005558403688,0.0,0.0,0.0,0.0,70
296,49.49832775919732,49.49832775919732,-0.6287509420179431,-0.11907092026160027,1.0,1.2462948244160694,-0.47392749244102295,0.0,0.0,0.0,0.0,70
297,49.66555183946488,49.66555183946488,-0.4197852201295959,-0.05295937917319027,1.0,1.251831741570284,-0.31641742929452116,0.0,0.0,0.0,0.0,70
298,49.83277591973244,49.83277591973244,-0.21007811875028876,-0.013245693072796993,1.0,1.255157808187482,-0.15834854372783858,0.0,0.0,0.0,0.0,70
299,50.0,50.0,-2.4492935982947065e-15,-0.0,1.0,1.2562671501267098,-0.07920924457532587,0.0,0.0,0.0,0.0,70
