timestamp,north_m,east_m,down_m,vx_m_s,vy_m_s,vz_m_s
28490.335142939,0.015364431776106358,0.017830656841397285,0.005218505859375,-0.004197285510599613,0.015154216438531876,0.002053456846624613
28490.366753361,0.015201576054096222,0.017874056473374367,0.005279541015625,-0.004219917580485344,0.015454692766070366,0.002217654138803482
28490.39899112,0.015052957460284233,0.017886923626065254,0.00531005859375,-0.004389163572341204,0.015882976353168488,0.0020626140758395195
28490.434654331,0.01486639678478241,0.017852962017059326,0.005340576171875,-0.003470562631264329,0.01539389044046402,0.0021905896719545126
28490.466731926,0.014675901271402836,0.017818845808506012,0.00537109375,-0.004795120097696781,0.015715382993221283,0.0028596078045666218
28490.498876684,0.014461199752986431,0.01782960258424282,0.005401611328125,-0.004458304028958082,0.015924615785479546,0.0032237705308943987
28490.534717079,0.014218026772141457,0.017887329682707787,0.005462646484375,-0.005933220498263836,0.016070760786533356,0.0019223779672756791
28490.566699714,0.013950802385807037,0.017975695431232452,0.005462646484375,-0.006459469441324472,0.01589701510965824,0.0024066476617008448
28490.599333127,0.01369583047926426,0.018087079748511314,0.005462646484375,-0.006298435851931572,0.016374947503209114,0.0017915952485054731
28490.634895676,0.013384048826992512,0.018214663490653038,0.00543212890625,-0.007302004843950272,0.016646403819322586,0.0005370077560655773
28490.666987837,0.013156019151210785,0.018307743594050407,0.00537109375,-0.007510713767260313,0.016802437603473663,0.0005233797710388899
28490.698914565,0.01294941920787096,0.018462087959051132,0.005340576171875,-0.007007993757724762,0.017332660034298897,0.0007475303718820214
28490.734586759,0.012749426998198032,0.018667317926883698,0.00531005859375,-0.007563101593405008,0.01828298531472683,0.0002743554941844195
28490.766798834,0.012557581067085266,0.018898282200098038,0.005279541015625,-0.007008502259850502,0.01878230646252632,0.0006537861772812903
28490.799601299,0.012381334789097309,0.019174978137016296,0.005279541015625,-0.007045258767902851,0.01948104240000248,0.0013078298652544618
28490.834930861,0.012117276899516582,0.01952442340552807,0.005279541015625,-0.0071921581402421,0.01974387839436531,0.002029489492997527
28490.866927191,0.011904542334377766,0.01977880485355854,0.00531005859375,-0.008701294660568237,0.019169718027114868,0.0023903893306851387
28490.898660193,0.011673873290419579,0.020041408017277718,0.00537109375,-0.008573858998715878,0.019293366000056267,0.002641713945195079
28490.93461873,0.01142056006938219,0.020235933363437653,0.00543212890625,-0.008499748073518276,0.01935126632452011,0.0029369478579610586
28490.966879871,0.011160966008901596,0.020423313602805138,0.0054931640625,-0.008955121040344238,0.019882913678884506,0.0025362656451761723
28490.999106581,0.01088616531342268,0.020619245246052742,0.005584716796875,-0.008982866071164608,0.02041359804570675,0.002974726725369692
28491.03486425,0.010600978508591652,0.020830748602747917,0.0057373046875,-0.01023267675191164,0.020313413813710213,0.0024091557133942842
28491.067073903,0.010375628247857094,0.020965874195098877,0.005889892578125,-0.010923221707344055,0.02032238058745861,0.0025135939940810204
28491.099336836,0.010173792950809002,0.021104689687490463,0.00604248046875,-0.010942707769572735,0.02097196690738201,0.001986881485208869
28491.135082949,0.01005021296441555,0.021208614110946655,0.0062255859375,-0.010367963463068008,0.021224575117230415,0.002222002949565649
28491.166755571,0.009957019239664078,0.021296463906764984,0.00640869140625,-0.010507384315133095,0.021273335441946983,0.002964356215670705
28491.198926733,0.009889061562716961,0.021342642605304718,0.006591796875,-0.01068426575511694,0.021111993119120598,0.002592840464785695
28491.234589862,0.009839908219873905,0.02138284407556057,0.0068359375,-0.011651121079921722,0.020791295915842056,0.0026352275162935257
28491.267310844,0.00982262846082449,0.021410686895251274,0.00701904296875,-0.011423046700656414,0.020683839917182922,0.0020026545971632004
28491.299274483,0.009840541519224644,0.021400315687060356,0.00726318359375,-0.011020375415682793,0.01966300792992115,0.0024119128938764334
28491.334738549,0.009822252206504345,0.021360456943511963,0.007476806640625,-0.012079834938049316,0.018760716542601585,0.0024998553562909365
28491.366940137,0.009774141944944859,0.021296270191669464,0.00775146484375,-0.011983664706349373,0.017776593565940857,0.0024024334270507097
28491.398701431,0.00975609291344881,0.021061860024929047,0.008056640625,-0.012097041122615337,0.017079902812838554,0.0011974734952673316
28491.434824858,0.0097423754632473,0.020864685997366905,0.00823974609375,-0.011123915202915668,0.016196224838495255,0.00027367231086827815
28491.467126145,0.009733838960528374,0.02065785601735115,0.008392333984375,-0.010953465476632118,0.01649121567606926,-0.0008461985853500664
28491.499373292,0.009742779657244682,0.020314451307058334,0.008514404296875,-0.010226638987660408,0.01620439440011978,-0.0008077656384557486
28491.534615624,0.009730243124067783,0.020000627264380455,0.00860595703125,-0.011052915826439857,0.015273910947144032,-0.0009449265780858696
28491.5666693,0.009674753993749619,0.01965933106839657,0.008636474609375,-0.01104545034468174,0.016006100922822952,-0.0016124937683343887
28491.598711254,0.009624497033655643,0.0192880742251873,0.008636474609375,-0.010864500887691975,0.01602279208600521,-0.0018454805249348283
28491.634913618,0.009565860964357853,0.01882820576429367,0.008636474609375,-0.00987335667014122,0.014399997889995575,-0.0012837615795433521
28491.66690491,0.009498598985373974,0.01842842809855938,0.008636474609375,-0.009584234096109867,0.014801617711782455,-0.0015470837242901325
28491.699033282,0.009438661858439445,0.018036920577287674,0.008636474609375,-0.009750207886099815,0.014518043957650661,-0.0017098860116675496
28491.734860703,0.009363308548927307,0.017687378451228142,0.008636474609375,-0.009770240634679794,0.01400836929678917,-0.0024346604477614164
28491.766864812,0.009323098696768284,0.017357707023620605,0.008636474609375,-0.009374535642564297,0.013598348945379257,-0.0031267465092241764
28491.799661724,0.009285965003073215,0.017050273716449738,0.0086669921875,-0.009401381947100163,0.013192522339522839,-0.002278532600030303
28491.834712267,0.00929507426917553,0.016714928671717644,0.008697509765625,-0.00790735986083746,0.01261386089026928,-0.0032607882749289274
28491.866859484,0.009449495002627373,0.016404850408434868,0.008697509765625,-0.0075609092600643635,0.012394214980304241,-0.002570368582382798
28491.898886035,0.009631565771996975,0.01609157770872116,0.008697509765625,-0.006889883428812027,0.011881059035658836,-0.0021510254591703415
28491.934940711,0.00985079538077116,0.01577775366604328,0.008697509765625,-0.006038499064743519,0.011796423234045506,-0.00323684886097908
28491.966964345,0.010091298259794712,0.015464026480913162,0.00860595703125,-0.00627061165869236,0.011797953397035599,-0.0033987080678343773
28491.99968807,0.010419642552733421,0.015103982761502266,0.00848388671875,-0.005843533668667078,0.010846804827451706,-0.0036611859686672688
28492.034940868,0.010695855133235455,0.014848710037767887,0.00836181640625,-0.006064002402126789,0.011262770742177963,-0.0041962917894124985
28492.067004243,0.010986528359353542,0.014593341387808323,0.008209228515625,-0.005971901118755341,0.011504692025482655,-0.004206703510135412
28492.098561624,0.011252869851887226,0.014370616525411606,0.008026123046875,-0.006114502437412739,0.010764102451503277,-0.004970017820596695
28492.13511716,0.011445190757513046,0.014145199209451675,0.0078125,-0.00591942947357893,0.010559417307376862,-0.0056456695310771465
28492.166719286,0.011592287570238113,0.01394565124064684,0.007568359375,-0.005604124162346125,0.010745220817625523,-0.006124856881797314
28492.198813266,0.011709596030414104,0.013763504102826118,0.00732421875,-0.004971844144165516,0.010238424874842167,-0.005945210810750723
28492.235061997,0.01183243002742529,0.013499010354280472,0.00701904296875,-0.005783606320619583,0.010093438439071178,-0.006053555756807327
28492.26744098,0.011909959837794304,0.013300205580890179,0.006744384765625,-0.006058153696358204,0.010520914569497108,-0.0057345787063241005
28492.298639553,0.011984126642346382,0.013114918023347855,0.006500244140625,-0.005604033824056387,0.010438269004225731,-0.006011864636093378
28492.334933598,0.012117888778448105,0.012924774549901485,0.006256103515625,-0.006238746922463179,0.010018535889685154,-0.00630216533318162
28492.374622079,0.012248721905052662,0.012767940759658813,0.0059814453125,-0.005101106595247984,0.010133426636457443,-0.006235147826373577
28492.406834743,0.012403194792568684,0.012639236636459827,0.0057373046875,-0.004736736882477999,0.009686636738479137,-0.006276946514844894
28492.44263903,0.012560192495584488,0.012513762339949608,0.0054931640625,-0.0046971263363957405,0.009582258760929108,-0.006672468036413193
28492.475224987,0.012687291949987411,0.012446986511349678,0.005340576171875,-0.004523149225860834,0.009293826296925545,-0.006551103666424751
28492.507173993,0.01281848642975092,0.012398676946759224,0.0052490234375,-0.005047371610999107,0.009106851182878017,-0.005843051243573427
28492.542847777,0.0129089979454875,0.012336013838648796,0.005157470703125,-0.005346308927983046,0.00924181379377842,-0.00612701615318656
28492.574991868,0.01296974066644907,0.012312195263803005,0.00506591796875,-0.005433670710772276,0.00954140443354845,-0.006624546833336353
28492.606945131,0.013057772070169449,0.012302535586059093,0.004913330078125,-0.005780133884400129,0.00885855033993721,-0.006180784665048122
28492.64283397,0.013119027949869633,0.012328172102570534,0.00482177734375,-0.004463938530534506,0.00840781256556511,-0.006139444187283516
28492.675240721,0.013192906975746155,0.012397326529026031,0.004730224609375,-0.0043906462378799915,0.0087366234511137,-0.006223286036401987
28492.70694446,0.013242694549262524,0.012494675815105438,0.00469970703125,-0.004152895882725716,0.00938229076564312,-0.005771156400442123
28492.742561197,0.013283397071063519,0.012622321955859661,0.004669189453125,-0.004646160174161196,0.008913256227970123,-0.005165336653590202
28492.775062629,0.013298861682415009,0.012756369076669216,0.00469970703125,-0.00437449524179101,0.00880836695432663,-0.003985307645052671
28492.806785639,0.013366556726396084,0.012972705066204071,0.0047607421875,-0.003916977904736996,0.009790840558707714,-0.004543407820165157
28492.843051215,0.013446943834424019,0.013177708722651005,0.004791259765625,-0.003515578806400299,0.009828722104430199,-0.005096720531582832
28492.874773003,0.013539577834308147,0.013398286886513233,0.004791259765625,-0.0034824437461793423,0.009782673791050911,-0.00405395682901144
28492.907017779,0.01369145791977644,0.013589326292276382,0.00482177734375,-0.002696494571864605,0.008700774051249027,-0.0036049410700798035
28492.942744671,0.013845652341842651,0.01375426072627306,0.0048828125,-0.0025265789590775967,0.008299601264297962,-0.004857464227825403
28492.975077419,0.013943919911980629,0.013900328427553177,0.0048828125,-0.0028925822116434574,0.008363313041627407,-0.004534400999546051
28493.007026869,0.014046921394765377,0.01406577043235302,0.0048828125,-0.0028400709852576256,0.0081985117867589,-0.005410860292613506
28493.042856648,0.014114939607679844,0.014180473983287811,0.00482177734375,-0.0029734254349023104,0.008032025769352913,-0.006230704486370087
28493.074682217,0.014206023886799812,0.01427565235644579,0.0047607421875,-0.0016238907119259238,0.008350552059710026,-0.00594785250723362
28493.106892552,0.01433723047375679,0.014357030391693115,0.004669189453125,-0.0017133252695202827,0.00810175109654665,-0.006084727123379707
28493.142926417,0.014559022150933743,0.014455264434218407,0.004486083984375,0.004777334630489349,0.011521080508828163,-0.012427271343767643
28493.175245039,0.015188234858214855,0.014842404052615166,0.00390625,0.026459405198693275,0.029385881498456,-0.027096381410956383
28493.206757869,0.01673302613198757,0.01608951948583126,0.002838134765625,0.06374543905258179,0.06440061330795288,-0.04551699012517929
28493.242690293,0.020732415840029716,0.019642911851406097,0.00048828125,0.13140738010406494,0.1302413046360016,-0.07392069697380066
28493.275147259,0.026116536930203438,0.024636385962367058,-0.002227783203125,0.19884292781352997,0.19939552247524261,-0.09846112877130508
28493.307296399,0.03378155454993248,0.03204669803380966,-0.005767822265625,0.27544841170310974,0.2808295488357544,-0.12549753487110138
28493.34270396,0.04696932062506676,0.045130617916584015,-0.01141357421875,0.3822442889213562,0.3921588659286499,-0.16263774037361145
28493.375154915,0.056763842701911926,0.05496106296777725,-0.015472412109375,0.44939303398132324,0.4629828929901123,-0.18663249909877777
28493.407044036,0.07234204560518265,0.0707758292555809,-0.021820068359375,0.5398054122924805,0.5595316886901855,-0.2217971533536911
28493.4429947,0.09504971653223038,0.09413107484579086,-0.03118896484375,0.649474561214447,0.6772258281707764,-0.2713671922683716
28493.503299427,0.11577145755290985,0.11550729721784592,-0.04010009765625,0.7333316802978516,0.7664999961853027,-0.3177945911884308
28493.534424865,0.13898032903671265,0.13953076303005219,-0.05059814453125,0.8127765655517578,0.8500593900680542,-0.3707663118839264
28493.570480353,0.16370120644569397,0.1650688499212265,-0.062591552734375,0.8858126401901245,0.9258205890655518,-0.4276278018951416
28493.602461908,0.19029386341571808,0.1924651563167572,-0.076385498046875,0.9519786238670349,0.9935429692268372,-0.49011358618736267
28493.634813955,0.2259501963853836,0.22910001873970032,-0.0965576171875,1.0245094299316406,1.0664432048797607,-0.5759950876235962
28493.67106678,0.2555350363254547,0.25945499539375305,-0.11492919921875,1.0736759901046753,1.1157318353652954,-0.6482660174369812
28493.702942632,0.2863765060901642,0.2910245954990387,-0.135528564453125,1.115821361541748,1.1565093994140625,-0.7226263284683228
28493.734325481,0.3183005750179291,0.3235931396484375,-0.158477783203125,1.1520673036575317,1.1892304420471191,-0.7980492115020752
28493.770824748,0.3509747385978699,0.35668107867240906,-0.183563232421875,1.1822212934494019,1.215245008468628,-0.8734180927276611
28493.802665488,0.38450124859809875,0.390427827835083,-0.21099853515625,1.2062535285949707,1.235421061515808,-0.9510368704795837
28493.835044264,0.41858211159706116,0.4245472550392151,-0.240692138671875,1.2235995531082153,1.2503005266189575,-1.029549241065979
28493.8709226,0.4619821012020111,0.4678085446357727,-0.2811279296875,1.2393081188201904,1.2619794607162476,-1.1265931129455566
28493.903072313,0.49720609188079834,0.5027409791946411,-0.31610107421875,1.2468211650848389,1.2668025493621826,-1.2034345865249634
28493.934761628,0.5327670574188232,0.537824809551239,-0.353240966796875,1.251050353050232,1.2681210041046143,-1.280051350593567
28493.970907722,0.5686821937561035,0.5731058120727539,-0.3927001953125,1.2522141933441162,1.2668644189834595,-1.3559068441390991
28494.00287334,0.604849636554718,0.6085043549537659,-0.434478759765625,1.2501673698425293,1.2630181312561035,-1.4319202899932861
28494.034968191,0.6411541700363159,0.6439167857170105,-0.478240966796875,1.2449604272842407,1.2562880516052246,-1.5067211389541626
28494.070938928,0.6866819262504578,0.6883260607719421,-0.536376953125,1.2339943647384644,1.2440680265426636,-1.6022597551345825
28494.103127942,0.7231035232543945,0.7238659858703613,-0.585479736328125,1.2222933769226074,1.2329801321029663,-1.677856683731079
28494.134907583,0.7595491409301758,0.7594473361968994,-0.636566162109375,1.2083452939987183,1.2205228805541992,-1.7516000270843506
28494.170831133,0.795810878276825,0.7949258685112,-0.690185546875,1.1927467584609985,1.2055206298828125,-1.8253284692764282
28494.202962268,0.8319461345672607,0.8302358984947205,-0.74591064453125,1.174951195716858,1.188220739364624,-1.8991001844406128
28494.234944024,0.8679407238960266,0.8653856515884399,-0.803741455078125,1.1566890478134155,1.1691077947616577,-1.971314549446106
28494.271136905,0.912490725517273,0.9088923931121826,-0.87939453125,1.1313098669052124,1.1424946784973145,-2.061297655105591
28494.303102912,0.9478595852851868,0.9433884024620056,-0.94232177734375,1.1087781190872192,1.1214114427566528,-2.132988214492798
28494.335179247,0.9829373359680176,0.9776190519332886,-1.007354736328125,1.0848089456558228,1.098021149635315,-2.204289436340332
28494.370946353,1.0174148082733154,1.0113167762756348,-1.07489013671875,1.0595837831497192,1.073502540588379,-2.2751195430755615
28494.40284932,1.051600456237793,1.0447616577148438,-1.144317626953125,1.0330092906951904,1.0489581823349,-2.347151756286621
28494.434846221,1.0934971570968628,1.085931420326233,-1.234344482421875,0.9971758127212524,1.0154876708984375,-2.4311747550964355
28494.474777422,1.1261733770370483,1.1181771755218506,-1.308868408203125,0.9681413173675537,0.9880618453025818,-2.490266799926758
28494.506767799,1.1584547758102417,1.150149941444397,-1.384796142578125,0.940074622631073,0.9608007669448853,-2.5420994758605957
28494.539126011,1.1900477409362793,1.1814897060394287,-1.46240234375,0.9109851121902466,0.9313042163848877,-2.588381290435791
28494.575087505,1.2209011316299438,1.2121491432189941,-1.541473388671875,0.8814891576766968,0.9024388194084167,-2.62827467918396
28494.606776202,1.2511674165725708,1.2423169612884521,-1.621612548828125,0.852311909198761,0.8737689852714539,-2.6634159088134766
28494.639176505,1.2806684970855713,1.2718111276626587,-1.702880859375,0.8222398161888123,0.8446595072746277,-2.6935455799102783
28494.674739191,1.316598653793335,1.3078157901763916,-1.8057861328125,0.7843363881111145,0.8086241483688354,-2.727853298187256
28494.706863366,1.3444442749023438,1.335942268371582,-1.88897705078125,0.7532500624656677,0.7798492312431335,-2.75110125541687
28494.738709136,1.3713841438293457,1.3633265495300293,-1.973052978515625,0.7223725914955139,0.7506704330444336,-2.772078275680542
28494.7747248,1.3975495100021362,1.3900973796844482,-2.05780029296875,0.6906617879867554,0.7215795516967773,-2.789815664291382
28494.806917,1.4227266311645508,1.4160820245742798,-2.143218994140625,0.6555638909339905,0.6967633962631226,-2.802358865737915
28494.83887312,1.4528385400772095,1.447641372680664,-2.25042724609375,0.6134696006774902,0.6664380431175232,-2.799853801727295
28494.874978747,1.4758965969085693,1.4721952676773071,-2.336090087890625,0.5819656848907471,0.642764687538147,-2.7856194972991943
28494.90657506,1.4979944229125977,1.4960671663284302,-2.42132568359375,0.5509659647941589,0.618770956993103,-2.7609453201293945
28494.938780816,1.5191280841827393,1.5192451477050781,-2.505828857421875,0.5215340256690979,0.595474123954773,-2.727771043777466
28494.975009712,1.5395610332489014,1.5419152975082397,-2.589202880859375,0.4936632215976715,0.5716586112976074,-2.687286853790283
28495.006824199,1.5590039491653442,1.563668966293335,-2.6715087890625,0.4681258499622345,0.546887218952179,-2.6406772136688232
28495.039216889,1.582332968711853,1.5897566080093384,-2.772430419921875,0.43698620796203613,0.5147538185119629,-2.5751986503601074
28495.074896097,1.600276231765747,1.609655499458313,-2.8515625,0.4125868082046509,0.48811450600624084,-2.5171959400177
28495.106883507,1.6172912120819092,1.6285117864608765,-2.929046630859375,0.38933494687080383,0.46177276968955994,-2.4553959369659424
28495.138553395,1.6336345672607422,1.6464693546295166,-3.0048828125,0.3664664328098297,0.43417954444885254,-2.391570568084717
28495.175060215,1.649309754371643,1.6634732484817505,-3.079010009765625,0.3441554009914398,0.40699630975723267,-2.3262455463409424
28495.206971329,1.6640808582305908,1.6793649196624756,-3.1512451171875,0.3204706609249115,0.3791263699531555,-2.258568286895752
28495.239263138,1.678222894668579,1.6944035291671753,-3.2218017578125,0.29744622111320496,0.35245129466056824,-2.189265727996826
28495.275035467,1.6947370767593384,1.711738109588623,-3.30731201171875,0.26734256744384766,0.3173050284385681,-2.10037899017334
28495.306874514,1.7069474458694458,1.7243781089782715,-3.3734130859375,0.24424977600574493,0.2889479994773865,-2.027838945388794
28495.338891985,1.7185395956039429,1.736107349395752,-3.437774658203125,0.22169102728366852,0.2600117027759552,-1.957074522972107
28495.375217833,1.7293277978897095,1.74678635597229,-3.50018310546875,0.19821637868881226,0.23201905190944672,-1.8875608444213867
28495.406848478,1.7393159866333008,1.7564276456832886,-3.5609130859375,0.17807422578334808,0.20520782470703125,-1.8352839946746826
28495.438980896,1.7489662170410156,1.7653000354766846,-3.620452880859375,0.17321859300136566,0.19149982929229736,-1.7868562936782837
28495.474759741,1.7612385749816895,1.7759567499160767,-3.693115234375,0.19130654633045197,0.19693097472190857,-1.7233868837356567
28495.506841652,1.7718008756637573,1.7848061323165894,-3.74957275390625,0.22073906660079956,0.22017110884189606,-1.6683096885681152
28495.53901828,1.7835462093353271,1.7945618629455566,-3.804534912109375,0.2633233070373535,0.2571201026439667,-1.6100438833236694
28495.574897547,1.7967000007629395,1.8055601119995117,-3.857757568359375,0.3147554099559784,0.3057408332824707,-1.549095869064331
28495.607175234,1.811568260192871,1.8182016611099243,-3.909210205078125,0.3742899000644684,0.3646508455276489,-1.486027479171753
28495.63863837,1.832631230354309,1.8365707397460938,-3.970703125,0.4544307291507721,0.45004236698150635,-1.4035289287567139
28495.674695992,1.8514987230300903,1.8535054922103882,-4.017578125,0.5214643478393555,0.5250815153121948,-1.3374969959259033
28495.706709443,1.8720951080322266,1.872488021850586,-4.0625,0.5893040895462036,0.6063202023506165,-1.2711822986602783
28495.738910451,1.8943815231323242,1.8936734199523926,-4.1053466796875,0.6594637632369995,0.6918957233428955,-1.2062957286834717
28495.774948544,1.9184550046920776,1.9172335863113403,-4.146209716796875,0.7306885123252869,0.7814913392066956,-1.1426665782928467
28495.806833665,1.9440547227859497,1.9427839517593384,-4.1854248046875,0.8024594187736511,0.8727033138275146,-1.0813716650009155
28495.839032603,1.9716581106185913,1.9710475206375122,-4.22259521484375,0.8753305673599243,0.9670239686965942,-1.0234792232513428
28495.874952885,2.0086820125579834,2.0097551345825195,-4.2667236328125,0.9674414396286011,1.087715744972229,-0.955050528049469
28495.90679204,2.040130376815796,2.043262481689453,-4.300445556640625,1.0422966480255127,1.187739372253418,-0.903795599937439
28495.938796376,2.073744535446167,2.079836368560791,-4.332366943359375,1.1183621883392334,1.2894318103790283,-0.852878987789154
28495.974477406,2.1091716289520264,2.1189486980438232,-4.362884521484375,1.194624423980713,1.3924899101257324,-0.8054999113082886
28496.007064392,2.146498441696167,2.1607487201690674,-4.39208984375,1.2740994691848755,1.498323917388916,-0.7603599429130554
28496.03900363,2.1862189769744873,2.205995559692383,-4.419677734375,1.3541256189346313,1.6068693399429321,-0.7169977426528931
28496.0745261,2.2385897636413574,2.266261339187622,-4.45257568359375,1.4577678442001343,1.743423581123352,-0.6652091145515442
28496.106805745,2.283024311065674,2.3179733753204346,-4.47747802734375,1.541322946548462,1.8549901247024536,-0.6267279386520386
28496.138951103,2.330139398574829,2.373422384262085,-4.501007080078125,1.6274563074111938,1.969578504562378,-0.589620053768158
28496.174903739,2.3793182373046875,2.43174147605896,-4.523651123046875,1.714639663696289,2.08514404296875,-0.5542157888412476
28496.20679514,2.431105613708496,2.493685007095337,-4.545074462890625,1.802958369255066,2.2022433280944824,-0.5200906991958618
28496.238934119,2.4856057167053223,2.5593268871307373,-4.565338134765625,1.8941853046417236,2.3215301036834717,-0.48786500096321106
28496.274702489,2.5573782920837402,2.6462182998657227,-4.589263916015625,2.010406732559204,2.4735546112060547,-0.4490026831626892
28496.306826448,2.6179733276367188,2.7199034690856934,-4.607269287109375,2.1057231426239014,2.597421646118164,-0.42001086473464966
28496.338974642,2.6815927028656006,2.7975223064422607,-4.624267578125,2.2026267051696777,2.7231521606445312,-0.39301183819770813
28496.374590231,2.7479770183563232,2.8788113594055176,-4.640472412109375,2.3005404472351074,2.851614475250244,-0.3672373592853546
28496.406628058,2.817467212677002,2.9642157554626465,-4.655731201171875,2.4014174938201904,2.9814717769622803,-0.3431318700313568
28496.43882044,2.9086575508117676,3.076603889465332,-4.6737060546875,2.52960205078125,3.146843910217285,-0.3135037124156952
28496.474493449,2.985086679458618,3.170990228652954,-4.687225341796875,2.6345157623291016,3.280654191970825,-0.2923620641231537
28496.506606282,3.0648622512817383,3.2696967124938965,-4.699920654296875,2.740445613861084,3.4160118103027344,-0.2701871991157532
28496.538833702,3.1477770805358887,3.372443199157715,-4.7117919921875,2.843944549560547,3.5493557453155518,-0.24356378614902496
28496.574861846,3.23394513130188,3.4793901443481445,-4.72259521484375,2.9454994201660156,3.6795499324798584,-0.21302981674671173
28496.606855565,3.323293685913086,3.59041690826416,-4.732269287109375,3.042754888534546,3.8045730590820312,-0.17961710691452026
28496.639269409,3.4388296604156494,3.7340481281280518,-4.742828369140625,3.1588656902313232,3.9539694786071777,-0.13942985236644745
28496.674732712,3.5345981121063232,3.853264331817627,-4.749969482421875,3.2464120388031006,4.065088272094727,-0.11000540852546692
28496.706472044,3.633091449737549,3.9759554862976074,-4.75604248046875,3.32806658744812,4.1674394607543945,-0.08214066177606583
28496.738320874,3.7338197231292725,4.101275444030762,-4.7613525390625,3.4028429985046387,4.2629523277282715,-0.0584661066532135
28496.774928251,3.8371899127960205,4.229951858520508,-4.765777587890625,3.472806930541992,4.350184917449951,-0.03801007196307182
28496.806639588,3.9425954818725586,4.361052989959717,-4.769622802734375,3.535062074661255,4.42834997177124,-0.02046012692153454
28496.838730104,4.049978733062744,4.494515419006348,-4.772979736328125,3.590463399887085,4.496951103210449,-0.006415821146219969
28496.874879183,4.186941623687744,4.664756774902344,-4.776458740234375,3.650581121444702,4.571529388427734,0.005445798859000206
28496.906498808,4.2982025146484375,4.803041458129883,-4.7789306640625,3.6904001235961914,4.62067985534668,0.012388203293085098
28496.938569028,4.410920143127441,4.943043231964111,-4.7811279296875,3.723928451538086,4.660011291503906,0.016546394675970078
28496.974498663,4.525018215179443,5.084742069244385,-4.78302001953125,3.750934600830078,4.692131519317627,0.019013823941349983
28497.006686277,4.640100002288818,5.227554798126221,-4.7847900390625,3.7708418369293213,4.71687650680542,0.019374236464500427
28497.03923255,4.785307884216309,5.407721519470215,-4.786712646484375,3.78749942779541,4.736661434173584,0.018191887065768242
28497.074998209,4.902292728424072,5.552875995635986,-4.788116455078125,3.793820381164551,4.743435382843018,0.016688454896211624
28497.107085422,5.019840240478516,5.698698043823242,-4.789398193359375,3.7939045429229736,4.743002891540527,0.015392537228763103
28497.139124193,5.1378021240234375,5.845026016235352,-4.790618896484375,3.788520574569702,4.73619270324707,0.012433242984116077
28497.174718295,5.255969524383545,5.991631031036377,-4.791839599609375,3.776629686355591,4.723319053649902,0.00753579568117857
28497.206607664,5.374303340911865,6.13845157623291,-4.793060302734375,3.7611544132232666,4.705262184143066,0.004507728852331638
28497.238394585,5.522146701812744,6.321959018707275,-4.79443359375,3.7340803146362305,4.672773361206055,-0.00014546849706675857
28497.27468371,5.640144348144531,6.468525409698486,-4.79547119140625,3.706954002380371,4.642332077026367,-0.004369514063000679
28497.306910376,5.757876873016357,6.6148881912231445,-4.79644775390625,3.676095724105835,4.606347560882568,-0.008935188874602318
28497.339078488,5.875049114227295,6.760704040527344,-4.79736328125,3.6406171321868896,4.565656661987305,-0.012871185317635536
28497.37498847,5.991760730743408,6.9060211181640625,-4.798187255859375,3.6015028953552246,4.519824028015137,-0.016545118764042854
28497.406851249,6.107624530792236,7.050476551055908,-4.798980712890625,3.5585594177246094,4.470982074737549,-0.019568204879760742
28497.439005837,6.222470760345459,7.193869113922119,-4.799652099609375,3.511632204055786,4.416862964630127,-0.021787138655781746
28497.474462202,6.365059852600098,7.372096061706543,-4.80035400390625,3.4490649700164795,4.342616558074951,-0.026353271678090096
28497.506927643,6.477664947509766,7.513062477111816,-4.800872802734375,3.3952887058258057,4.279968738555908,-0.02948714606463909
28497.538912712,6.588873863220215,7.652465343475342,-4.801361083984375,3.338426351547241,4.212294578552246,-0.03238033503293991
28497.575056488,6.699271202087402,7.790948867797852,-4.801666259765625,3.280654191970825,4.143427848815918,-0.03398687392473221
28497.606544831,6.807804107666016,7.927270412445068,-4.802001953125,3.219381093978882,4.069124221801758,-0.03676875680685043
28497.63910195,6.941430568695068,8.095245361328125,-4.802276611328125,3.1400277614593506,3.972327947616577,-0.039219193160533905
28497.675313301,7.0470075607299805,8.228055953979492,-4.8023681640625,3.0760676860809326,3.8927273750305176,-0.04159257188439369
28497.706845791,7.15041971206665,8.35827922821045,-4.802520751953125,3.0096263885498047,3.810243606567383,-0.04337579011917114
28497.738699366,7.252321243286133,8.486672401428223,-4.8026123046875,2.9412248134613037,3.7261149883270264,-0.044738221913576126
28497.774650276,7.352664470672607,8.613198280334473,-4.802581787109375,2.8719210624694824,3.639634132385254,-0.04524141922593117
28497.806609095,7.450583457946777,8.736764907836914,-4.802581787109375,2.8008108139038086,3.5498735904693604,-0.04592619836330414
28497.839047871,7.570842266082764,8.88857650756836,-4.802490234375,2.7092418670654297,3.4355602264404297,-0.04780624434351921
28497.874924289,7.664844036102295,9.007340431213379,-4.80242919921875,2.6347479820251465,3.3425114154815674,-0.04885169491171837
28497.906844146,7.756162643432617,9.122809410095215,-4.802459716796875,2.5589945316314697,3.2468864917755127,-0.050071410834789276
28497.938798012,7.845941066741943,9.236303329467773,-4.802459716796875,2.4827187061309814,3.149232864379883,-0.050511665642261505
28497.974808409,7.933304786682129,9.346783638000488,-4.80242919921875,2.404222011566162,3.0495383739471436,-0.05075055733323097
28498.006557986,8.018177032470703,9.454161643981934,-4.802459716796875,2.3248655796051025,2.9481420516967773,-0.051875077188014984
28498.038665012,8.121238708496094,9.584553718566895,-4.802490234375,2.225161552429199,2.8225040435791016,-0.05215130373835564
28498.074805574,8.201087951660156,9.685535430908203,-4.802520751953125,2.1460623741149902,2.720763683319092,-0.05273665115237236
28498.106678399,8.278399467468262,9.783255577087402,-4.802581787109375,2.0663259029388428,2.618560552597046,-0.05354767665266991
28498.138758091,8.353622436523438,9.878182411193848,-4.802642822265625,1.9871313571929932,2.5156705379486084,-0.05322209373116493
28498.174678515,8.426239013671875,9.969764709472656,-4.802734375,1.906949520111084,2.412083387374878,-0.053723402321338654
28498.206920285,8.496569633483887,10.058452606201172,-4.8028564453125,1.826879620552063,2.3098723888397217,-0.053604401648044586
28498.238935584,8.580784797668457,10.164641380310059,-4.80303955078125,1.7262239456176758,2.1815690994262695,-0.05437299981713295
28498.274847025,8.645241737365723,10.245884895324707,-4.803192138671875,1.6467092037200928,2.078183889389038,-0.053739290684461594
28498.306412511,8.707344055175781,10.32409381866455,-4.8033447265625,1.568494200706482,1.9771764278411865,-0.05311627686023712
28498.338466644,8.766728401184082,10.398832321166992,-4.803558349609375,1.4889369010925293,1.874711275100708,-0.05256100744009018
28498.374526095,8.823381423950195,10.470090866088867,-4.803802490234375,1.4091057777404785,1.7734076976776123,-0.05244693532586098
28498.406638782,8.877964973449707,10.538697242736816,-4.8040771484375,1.3307234048843384,1.672831654548645,-0.053315669298172
28498.439038525,8.929481506347656,10.603412628173828,-4.804443359375,1.2528045177459717,1.572736382484436,-0.05378052592277527
28498.474970299,8.990386962890625,10.679869651794434,-4.80499267578125,1.157859444618225,1.4493913650512695,-0.05416712909936905
28498.506449937,9.036727905273438,10.737832069396973,-4.805389404296875,1.083018183708191,1.3516714572906494,-0.05451017618179321
28498.538595394,9.080121994018555,10.791984558105469,-4.805908203125,1.0085474252700806,1.2548896074295044,-0.05497113615274429
28498.575025646,9.121264457702637,10.84313678741455,-4.80645751953125,0.9350199699401855,1.1589208841323853,-0.05615938827395439
28498.606861354,9.16010570526123,10.891283988952637,-4.807037353515625,0.8622123599052429,1.0650168657302856,-0.05715513601899147
28498.638857034,9.196032524108887,10.935730934143066,-4.8077392578125,0.7894590497016907,0.9717248678207397,-0.05879604071378708
28498.675033528,9.23796558380127,10.987480163574219,-4.80853271484375,0.7012348175048828,0.8584217429161072,-0.058716487139463425
28498.706887707,9.268871307373047,11.025410652160645,-4.8092041015625,0.6323956847190857,0.7690224647521973,-0.05901326239109039
28498.739095036,9.297019004821777,11.059788703918457,-4.80999755859375,0.5648385286331177,0.6814826726913452,-0.05975278094410896
28498.774620242,9.323332786560059,11.091669082641602,-4.810760498046875,0.4990510940551758,0.5965323448181152,-0.06076532602310181
28498.807070861,9.347189903259277,11.120414733886719,-4.811614990234375,0.4339120090007782,0.5124958157539368,-0.06184595823287964
28498.838819623,9.373557090759277,11.151966094970703,-4.81280517578125,0.3551357686519623,0.4110948145389557,-0.06354206055402756
28498.875288831,9.392448425292969,11.174347877502441,-4.81378173828125,0.2942562699317932,0.3325463831424713,-0.06492963433265686
28498.90689823,9.409051895141602,11.19379711151123,-4.814788818359375,0.23347951471805573,0.25614133477211,-0.0662539079785347
28498.939063878,9.423410415649414,11.210392951965332,-4.81591796875,0.17420166730880737,0.18099860846996307,-0.06814183294773102
28498.975559998,9.438573837280273,11.227555274963379,-4.817352294921875,0.10442237555980682,0.09057670086622238,-0.06952380388975143
28499.006845291,9.446111679077148,11.235841751098633,-4.818267822265625,0.06322893500328064,0.038117289543151855,-0.07095877826213837
28499.039061276,9.454513549804688,11.244794845581055,-4.8194580078125,0.009471877478063107,-0.028397995978593826,-0.07152121514081955
28499.075202831,9.462241172790527,11.252445220947266,-4.820953369140625,-0.05342073738574982,-0.10845210403203964,-0.07264631986618042
28499.106678838,9.466293334960938,11.25586223602295,-4.82220458984375,-0.10283909738063812,-0.17085833847522736,-0.07382972538471222
28499.138603486,9.468514442443848,11.257044792175293,-4.823486328125,-0.15103982388973236,-0.22970393300056458,-0.07488886266946793
28499.175168147,9.468912124633789,11.25595474243164,-4.8248291015625,-0.19648219645023346,-0.2864872217178345,-0.07609214633703232
28499.20653218,9.467558860778809,11.252690315246582,-4.82623291015625,-0.24047969281673431,-0.3409380614757538,-0.07707540690898895
28499.238919031,9.463647842407227,11.245914459228516,-4.82806396484375,-0.2921125888824463,-0.40634921193122864,-0.07885666191577911
28499.274921895,9.458670616149902,11.238164901733398,-4.829620361328125,-0.3319973945617676,-0.4547736346721649,-0.08093182742595673
28499.306865177,9.452164649963379,11.22847843170166,-4.83123779296875,-0.3688330352306366,-0.5014141798019409,-0.08141834288835526
28499.339468608,9.444418907165527,11.217101097106934,-4.832733154296875,-0.4033459722995758,-0.5458880066871643,-0.0818018987774849
28499.375105472,9.43519115447998,11.203831672668457,-4.834320068359375,-0.4362383484840393,-0.5875729918479919,-0.0825258195400238
28499.406911062,9.424762725830078,11.188920021057129,-4.8358154296875,-0.467460960149765,-0.6265632510185242,-0.08360781520605087
28499.438958545,9.413119316101074,11.172378540039062,-4.837310791015625,-0.49709874391555786,-0.6639633774757385,-0.08489317446947098
28499.474933585,9.396809577941895,11.14948844909668,-4.839263916015625,-0.5313259959220886,-0.7061971426010132,-0.08761129528284073
28499.506920137,9.382575988769531,11.129557609558105,-4.840850830078125,-0.5556703805923462,-0.7371515035629272,-0.08881551772356033
28499.538578133,9.367293357849121,11.108230590820312,-4.84234619140625,-0.5784170627593994,-0.7652217745780945,-0.09057441353797913
28499.574694551,9.350969314575195,11.08564281463623,-4.843963623046875,-0.5993425250053406,-0.7914153933525085,-0.09113208204507828
28499.606967841,9.333718299865723,11.061808586120605,-4.845458984375,-0.6178010702133179,-0.8154025077819824,-0.09220688045024872
28499.639127032,9.310883522033691,11.030482292175293,-4.8472900390625,-0.6388910412788391,-0.84186190366745,-0.0927392989397049
28499.674909798,9.29168701171875,11.0043363571167,-4.848846435546875,-0.6538562178611755,-0.8604043126106262,-0.09417985379695892
28499.706905097,9.271714210510254,10.977224349975586,-4.85028076171875,-0.6669784784317017,-0.8768820762634277,-0.09490826725959778
28499.738909885,9.251033782958984,10.949239730834961,-4.851776123046875,-0.6788771152496338,-0.8915239572525024,-0.09549286216497421
28499.775327699,9.229724884033203,10.920479774475098,-4.853240966796875,-0.6880525350570679,-0.9031612873077393,-0.09554114937782288
28499.806903878,9.207810401916504,10.890969276428223,-4.854705810546875,-0.6964876055717468,-0.9128319025039673,-0.09739625453948975
28499.839095859,9.185351371765137,10.86087703704834,-4.856201171875,-0.7036121487617493,-0.9204432368278503,-0.09762447327375412
28499.874933808,9.156495094299316,10.822421073913574,-4.85797119140625,-0.709946870803833,-0.927677571773529,-0.09852012991905212
28499.906868401,9.132872581481934,10.79110336303711,-4.859405517578125,-0.7133063077926636,-0.9315400123596191,-0.09871716052293777
28499.939062667,9.108864784240723,10.759405136108398,-4.86083984375,-0.717021644115448,-0.9338039755821228,-0.09893887490034103
28499.974989665,9.0844087600708,10.727275848388672,-4.862213134765625,-0.717872679233551,-0.933842122554779,-0.09914932399988174
28500.007023956,9.059697151184082,10.694937705993652,-4.863616943359375,-0.7169024348258972,-0.9313598275184631,-0.09969835728406906
28500.038560253,9.034814834594727,10.662495613098145,-4.86505126953125,-0.7148817777633667,-0.9274049401283264,-0.10113326460123062
28500.075164138,9.003329277038574,10.621430397033691,-4.866729736328125,-0.7109710574150085,-0.9205138087272644,-0.10174982994794846
28500.106969522,8.978129386901855,10.588582992553711,-4.8681640625,-0.7056301832199097,-0.9130858182907104,-0.10149312764406204
28500.139289798,8.952991485595703,10.555808067321777,-4.869598388671875,-0.6981896162033081,-0.9035587906837463,-0.10137640684843063
28500.174756684,8.927698135375977,10.522806167602539,-4.87091064453125,-0.6908825039863586,-0.8929165005683899,-0.10095102339982986
28500.206877124,8.902640342712402,10.490204811096191,-4.87237548828125,-0.6822845935821533,-0.880466878414154,-0.10124436765909195
28500.239048358,8.871413230895996,10.449668884277344,-4.874176025390625,-0.6698092818260193,-0.8636214733123779,-0.10072413831949234
28500.274650615,8.846463203430176,10.417267799377441,-4.875579833984375,-0.6591334939002991,-0.8495030403137207,-0.1011694073677063
28500.306576151,8.821868896484375,10.385432243347168,-4.877105712890625,-0.6484571695327759,-0.833134651184082,-0.10124455392360687
28500.339048413,8.797357559204102,10.353857040405273,-4.878570556640625,-0.6365860104560852,-0.8158571720123291,-0.10085746645927429
28500.375046984,8.772981643676758,10.322484970092773,-4.880035400390625,-0.6220706105232239,-0.7984187602996826,-0.10125467926263809
28500.406848336,8.749146461486816,10.291800498962402,-4.881561279296875,-0.607075035572052,-0.7796107530593872,-0.10059449821710587
28500.439156065,8.719528198242188,10.25363826751709,-4.88330078125,-0.5886813998222351,-0.7553935050964355,-0.09998700022697449
28500.474708216,8.696220397949219,10.2235689163208,-4.884674072265625,-0.572304368019104,-0.7338217496871948,-0.09953280538320541
28500.506803598,8.67355728149414,10.194369316101074,-4.886138916015625,-0.5559446215629578,-0.7116818428039551,-0.09896775335073471
28500.539096882,8.65106201171875,10.165337562561035,-4.887481689453125,-0.537992000579834,-0.6894347667694092,-0.09844031184911728
28500.575001073,8.629128456115723,10.136998176574707,-4.88885498046875,-0.5189443230628967,-0.6660566926002502,-0.0973086729645729
28500.606855664,8.607720375061035,10.109363555908203,-4.88983154296875,-0.5057592391967773,-0.6429172158241272,-0.07573946565389633
28500.639268045,8.580801963806152,10.076211929321289,-4.8934326171875,-0.5255966782569885,-0.5725017786026001,-0.21932727098464966
28500.674877576,8.55784797668457,10.052064895629883,-4.900390625,-0.5865146517753601,-0.4880657494068146,-0.3176223039627075
28500.706860344,8.532419204711914,10.030985832214355,-4.90997314453125,-0.6796146035194397,-0.38090577721595764,-0.38251709938049316
28500.739442756,8.503429412841797,10.013419151306152,-4.921112060546875,-0.7983909249305725,-0.25514331459999084,-0.4160254895687103
28500.774873536,8.4703950881958,10.00015640258789,-4.93292236328125,-0.9345715641975403,-0.11376924067735672,-0.4243573546409607
28500.806963707,8.432753562927246,9.991375923156738,-4.944610595703125,-1.0832107067108154,0.04081207141280174,-0.41406092047691345
28500.839313269,8.390551567077637,9.987532615661621,-4.95550537109375,-1.2393702268600464,0.20613738894462585,-0.3903985619544983
28500.874462799,8.331215858459473,9.989799499511719,-4.96734619140625,-1.4417388439178467,0.4250674247741699,-0.34773415327072144
28500.90671549,8.278606414794922,9.997184753417969,-4.975128173828125,-1.608473777770996,0.607858419418335,-0.3095778226852417
28500.938869412,8.22153377532959,10.009956359863281,-4.981658935546875,-1.7764840126037598,0.7962758541107178,-0.2702757716178894
28500.975233438,8.159884452819824,10.028350830078125,-4.98699951171875,-1.9465241432189941,0.9902433156967163,-0.2327590137720108
28501.006876799,8.09435749053955,10.05124568939209,-4.991180419921875,-2.1171061992645264,1.1889015436172485,-0.19694682955741882
28501.039269456,8.023904800415039,10.080658912658691,-4.9945068359375,-2.287774085998535,1.3904399871826172,-0.16332317888736725
28501.07457778,7.929825782775879,10.125089645385742,-4.99755859375,-2.5009820461273193,1.6464548110961914,-0.12602180242538452
28501.106806287,7.8500895500183105,10.166241645812988,-4.999267578125,-2.6703414916992188,1.8541102409362793,-0.1001712828874588
28501.139000591,7.765246868133545,10.21435832977295,-5.000457763671875,-2.840317487716675,2.06443190574646,-0.07764392346143723
28501.175264461,7.676192283630371,10.268047332763672,-5.001220703125,-3.008146286010742,2.2780139446258545,-0.057729098945856094
28501.206748287,7.5829386711120605,10.327552795410156,-5.0015869140625,-3.169722080230713,2.4947166442871094,-0.04073573276400566
28501.239094039,7.459814071655273,10.411874771118164,-5.00164794921875,-3.3626227378845215,2.7741525173187256,-0.023232880979776382
28501.274974792,7.356899738311768,10.486380577087402,-5.001495361328125,-3.5086777210235596,3.003471851348877,-0.012294006533920765
28501.306796889,7.250194072723389,10.567441940307617,-5.00115966796875,-3.647623062133789,3.2374281883239746,-0.003433526959270239
28501.339049207,7.139035224914551,10.656707763671875,-5.000701904296875,-3.7810256481170654,3.4749832153320312,0.005292635411024094
28501.374958414,7.024843215942383,10.751965522766113,-5.0001220703125,-3.9077181816101074,3.7157061100006104,0.012426868081092834
28501.406782527,6.906798839569092,10.854971885681152,-4.99945068359375,-4.027196884155273,3.956153631210327,0.022728705778717995
28501.439073401,6.754054546356201,10.99466609954834,-4.998138427734375,-4.16602087020874,4.2473344802856445,0.04620581492781639
28501.475044614,6.628636837005615,11.113218307495117,-4.996429443359375,-4.267723560333252,4.470281600952148,0.06866301596164703
28501.506946499,6.499898433685303,11.23892593383789,-4.99407958984375,-4.362796783447266,4.685936450958252,0.09362823516130447
28501.538926277,6.368062973022461,11.37152099609375,-4.99102783203125,-4.450078964233398,4.891754150390625,0.11845707893371582
28501.575019986,6.2336649894714355,11.50986099243164,-4.9873046875,-4.5288987159729,5.087669372558594,0.14042708277702332
28501.607035688,6.096602916717529,11.654505729675293,-4.9830322265625,-4.5996198654174805,5.273268222808838,0.16065731644630432
28501.638538167,5.921926498413086,11.843169212341309,-4.97705078125,-4.678785800933838,5.489675998687744,0.1798836886882782
28501.675107083,5.779703140258789,11.99992561340332,-4.971923828125,-4.732447624206543,5.6482014656066895,0.19042982161045074
28501.70689651,5.635411739349365,12.162015914916992,-4.96661376953125,-4.778445243835449,5.7948737144470215,0.19674336910247803
28501.739021238,5.4893059730529785,12.32860279083252,-4.96124267578125,-4.816341876983643,5.928348064422607,0.1990709751844406
28501.774994194,5.3415703773498535,12.499829292297363,-4.955902099609375,-4.847383975982666,6.04955530166626,0.1970008760690689
28501.806746694,5.192471027374268,12.67528247833252,-4.950714111328125,-4.869716167449951,6.15728235244751,0.19116196036338806
28501.839081721,5.042097568511963,12.85395336151123,-4.945648193359375,-4.88364839553833,6.251904010772705,0.18185751140117645
28501.874861161,4.852843284606934,13.082725524902344,-4.939788818359375,-4.889248371124268,6.353132247924805,0.16611868143081665
28501.906630955,4.700735092163086,13.269267082214355,-4.93548583984375,-4.885164260864258,6.419858932495117,0.15079574286937714
28501.939041829,4.5479254722595215,13.458330154418945,-4.931488037109375,-4.873427867889404,6.473320007324219,0.13354136049747467
28501.975151102,4.395019054412842,13.650162696838379,-4.927978515625,-4.854107856750488,6.515041828155518,0.11572933942079544
28502.006816096,4.242021083831787,13.843990325927734,-4.924835205078125,-4.827754497528076,6.544352054595947,0.09731194376945496
28502.039118263,4.088993549346924,14.039758682250977,-4.9219970703125,-4.795287132263184,6.561718463897705,0.07834216207265854
28502.074952422,3.898481607437134,14.28665542602539,-4.919097900390625,-4.744521617889404,6.568393707275391,0.05500691384077072
28502.106592882,3.746655225753784,14.485455513000488,-4.917083740234375,-4.697581768035889,6.561534881591797,0.03779701516032219
28502.138605336,3.5953574180603027,14.68529224395752,-4.915252685546875,-4.645140647888184,6.544423580169678,0.02099177986383438
28502.175042733,3.445463180541992,14.88554859161377,-4.913909912109375,-4.586061954498291,6.5192742347717285,0.00404058862477541
28502.206724259,3.2961249351501465,15.086496353149414,-4.912506103515625,-4.523557186126709,6.485485553741455,-0.010910631157457829
28502.238810928,3.111384391784668,15.337905883789062,-4.9111328125,-4.438129901885986,6.432399749755859,-0.027965938672423363
28502.274944044,2.9657039642333984,15.53856086730957,-4.910369873046875,-4.365234375,6.380514621734619,-0.040057916194200516
28502.306725065,2.821023464202881,15.739394187927246,-4.90948486328125,-4.288417816162109,6.323756694793701,-0.05165804550051689
28502.338975099,2.678335428237915,15.93958568572998,-4.908782958984375,-4.207413196563721,6.259466171264648,-0.06196857988834381
28502.375255227,2.5377936363220215,16.138792037963867,-4.908233642578125,-4.124180793762207,6.1883225440979,-0.07042749971151352
28502.406795786,2.399054527282715,16.337200164794922,-4.90765380859375,-4.036340713500977,6.110702991485596,-0.07683949917554855
28502.439173606,2.2627134323120117,16.534170150756836,-4.907135009765625,-3.945870876312256,6.028961658477783,-0.08239539712667465
28502.474954335,2.095430612564087,16.77850341796875,-4.906524658203125,-3.8293628692626953,5.918647766113281,-0.08997099101543427
28502.50674452,1.9642795324325562,16.972209930419922,-4.906005859375,-3.733170747756958,5.825888156890869,-0.09496942162513733
28502.539204901,1.8359822034835815,17.1638126373291,-4.9056396484375,-3.6341373920440674,5.729226589202881,-0.09879165142774582
28502.57508523,1.7101906538009644,17.353654861450195,-4.9051513671875,-3.5338006019592285,5.6271443367004395,-0.10195229947566986
28502.606941997,1.5874148607254028,17.54102325439453,-4.90478515625,-3.431687831878662,5.521904945373535,-0.10557757318019867
28502.639108253,1.4677892923355103,17.725711822509766,-4.904510498046875,-3.326704502105713,5.41270637512207,-0.10854902863502502
28502.674932827,1.321718454360962,17.953947067260742,-4.9039306640625,-3.195589780807495,5.273693084716797,-0.11142747104167938
28502.706417941,1.2086420059204102,18.13301658630371,-4.903656005859375,-3.089367628097534,5.157754421234131,-0.11399565637111664
28502.738744231,1.098899006843567,18.308897018432617,-4.9034423828125,-2.981562376022339,5.039044380187988,-0.11513552814722061
28502.774855919,0.9915931224822998,18.482730865478516,-4.903045654296875,-2.87358021736145,4.917611122131348,-0.11459150910377502
28502.806621983,0.8882622122764587,18.652433395385742,-4.902862548828125,-2.7647101879119873,4.79245662689209,-0.11518657207489014
28502.839107717,0.763579249382019,18.860015869140625,-4.902679443359375,-2.627418279647827,4.63346529006958,-0.1139565110206604
28502.874965165,0.6670087575912476,19.02294921875,-4.902435302734375,-2.5185227394104004,4.504140377044678,-0.11371457576751709
28502.906853689,0.5745837092399597,19.181324005126953,-4.90240478515625,-2.407447099685669,4.3718719482421875,-0.1129603236913681
28502.939082076,0.4853716492652893,19.33632469177246,-4.902374267578125,-2.2966513633728027,4.239370822906494,-0.11203034222126007
28502.975019263,0.399404913187027,19.48785972595215,-4.902313232421875,-2.1866044998168945,4.10603141784668,-0.11023712158203125
28503.006826666,0.3176606595516205,19.63454818725586,-4.90252685546875,-2.07625150680542,3.969350576400757,-0.11033644527196884
28503.038986393,0.2196090817451477,19.81329917907715,-4.902740478515625,-1.9388365745544434,3.7991209030151367,-0.10854315757751465
28503.075162241,0.14505034685134888,19.95186424255371,-4.903045654296875,-1.8294203281402588,3.6620404720306396,-0.1074473112821579
28503.106742271,0.07472109794616699,20.08536148071289,-4.903564453125,-1.7203190326690674,3.5238406658172607,-0.10610906034708023
28503.138886974,0.007124617695808411,20.21563148498535,-4.904022216796875,-1.6132956743240356,3.385509729385376,-0.10423451662063599
28503.174514692,-0.05675331875681877,20.34132194519043,-4.90460205078125,-1.5063607692718506,3.246687173843384,-0.10109591484069824
28503.206548498,-0.1169247105717659,20.462404251098633,-4.9052734375,-1.4008903503417969,3.107410192489624,-0.09859984368085861
28503.239012846,-0.1874721199274063,20.60795021057129,-4.9061279296875,-1.269935965538025,2.9330575466156006,-0.09536784887313843
28503.274540678,-0.2399601936340332,20.719362258911133,-4.906890869140625,-1.1662417650222778,2.7933409214019775,-0.09259731322526932
28503.306850961,-0.28875231742858887,20.82596778869629,-4.907745361328125,-1.0642555952072144,2.652693510055542,-0.089991495013237
28503.339047125,-0.33445340394973755,20.92828941345215,-4.908599853515625,-0.9651461839675903,2.5132033824920654,-0.08679334819316864
28503.374811526,-0.37663760781288147,21.02571678161621,-4.909515380859375,-0.8671415448188782,2.372992515563965,-0.0836854875087738
28503.406485918,-0.4157281816005707,21.11870574951172,-4.910430908203125,-0.7711019515991211,2.233163595199585,-0.0813358724117279
28503.439011257,-0.45144572854042053,21.206745147705078,-4.91143798828125,-0.6775827407836914,2.0926225185394287,-0.07867451757192612
28503.475081162,-0.49172672629356384,21.310176849365234,-4.9127197265625,-0.5628100633621216,1.919586420059204,-0.07372479140758514
28503.506663868,-0.5205850005149841,21.38780403137207,-4.913726806640625,-0.4729212522506714,1.781936764717102,-0.07018853724002838
28503.538644788,-0.5461648106575012,21.46051788330078,-4.914825439453125,-0.38495945930480957,1.6464204788208008,-0.06756769865751266
28503.575137564,-0.568539559841156,21.52838706970215,-4.91595458984375,-0.29925334453582764,1.5127812623977661,-0.06402239203453064
28503.606481961,-0.5884434580802917,21.592180252075195,-4.917083740234375,-0.21610800921916962,1.3798933029174805,-0.060798611491918564
28503.639025329,-0.6049630045890808,21.65069580078125,-4.91827392578125,-0.13448335230350494,1.246949553489685,-0.05731411278247833
28503.674585393,-0.6217356324195862,21.71741485595703,-4.91973876953125,-0.03470173105597496,1.0849910974502563,-0.052757907658815384
28503.706746853,-0.6324498057365417,21.765884399414062,-4.9208984375,0.039981283247470856,0.9567713737487793,-0.049312956631183624
28503.738610439,-0.6400562524795532,21.809276580810547,-4.92205810546875,0.11395075172185898,0.8304398655891418,-0.04581413418054581
28503.775073582,-0.6451829671859741,21.84828758239746,-4.9232177734375,0.18571051955223083,0.7066194415092468,-0.04265383258461952
28503.806770794,-0.6479223966598511,21.882917404174805,-4.92437744140625,0.25405076146125793,0.5858168005943298,-0.039817363023757935
28503.839128857,-0.6478350758552551,21.912757873535156,-4.925537109375,0.3216466009616852,0.4670974612236023,-0.03663697838783264
28503.87497953,-0.6449636816978455,21.94436264038086,-4.92694091796875,0.40143224596977234,0.32276231050491333,-0.032700322568416595
28503.906469787,-0.640193521976471,21.964908599853516,-4.927978515625,0.46184319257736206,0.2107240855693817,-0.029834741726517677
28503.938823764,-0.632918119430542,21.98101806640625,-4.929046630859375,0.5201517939567566,0.10114795714616776,-0.027875371277332306
28503.975037645,-0.6240583658218384,21.993410110473633,-4.930023193359375,0.5748600363731384,-0.005100489594042301,-0.024930331856012344
28504.006949919,-0.6130815744400024,22.001728057861328,-4.930938720703125,0.6272634863853455,-0.10887162387371063,-0.022000620141625404
28504.039188205,-0.5964515805244446,22.006555557250977,-4.9320068359375,0.6906432509422302,-0.23371131718158722,-0.020097628235816956
28504.074916176,-0.5813485980033875,22.006309509277344,-4.932769775390625,0.7378771901130676,-0.3293675482273102,-0.019245153293013573
28504.106878412,-0.5643900036811829,22.00229835510254,-4.9334716796875,0.7830597758293152,-0.42166200280189514,-0.017624907195568085
28504.139036915,-0.5456758141517639,21.994661331176758,-4.934112548828125,0.825214684009552,-0.5118560791015625,-0.017324110493063927
28504.175062843,-0.5255225300788879,21.983577728271484,-4.9346923828125,0.8642492294311523,-0.5978736877441406,-0.016434187069535255
28504.206754067,-0.503803551197052,21.969106674194336,-4.935211181640625,0.9014673829078674,-0.6806562542915344,-0.016101675108075142
28504.239165798,-0.4807124435901642,21.951379776000977,-4.9356689453125,0.9370455145835876,-0.7589892148971558,-0.015330619178712368
28504.275013094,-0.44983235001564026,21.924848556518555,-4.936126708984375,0.977166473865509,-0.8517740368843079,-0.016037723049521446
28504.306761918,-0.4236457943916321,21.90029525756836,-4.93646240234375,1.0054783821105957,-0.9208887815475464,-0.014612982049584389
28504.338828431,-0.3963274657726288,21.872865676879883,-4.936737060546875,1.0317052602767944,-0.9871170520782471,-0.015864413231611252
28504.374631889,-0.36784628033638,21.8427677154541,-4.93701171875,1.056099772453308,-1.049312710762024,-0.01659698411822319
28504.406741645,-0.33828917145729065,21.810203552246094,-4.937255859375,1.078048586845398,-1.1066336631774902,-0.0173418540507555
28504.439542229,-0.30776098370552063,21.775028228759766,-4.937408447265625,1.0980215072631836,-1.1599738597869873,-0.018659381195902824
28504.474531209,-0.26814284920692444,21.728036880493164,-4.9376220703125,1.1205965280532837,-1.221850037574768,-0.020314708352088928
28504.506663478,-0.23543483018875122,21.688114166259766,-4.937774658203125,1.1360317468643188,-1.26667058467865,-0.022679299116134644
28504.539133132,-0.20193515717983246,21.645944595336914,-4.937896728515625,1.149104118347168,-1.3076876401901245,-0.02411024272441864
28504.574792636,-0.16769282519817352,21.602190017700195,-4.93804931640625,1.1596591472625732,-1.3449866771697998,-0.025711609050631523
28504.606847466,-0.13283184170722961,21.556655883789062,-4.93817138671875,1.1679420471191406,-1.3789558410644531,-0.02837510220706463
28504.638806505,-0.09736977517604828,21.509336471557617,-4.938262939453125,1.1739742755889893,-1.4087740182876587,-0.03113568015396595
28504.67442381,-0.05235474556684494,21.448392868041992,-4.93841552734375,1.1787034273147583,-1.4408690929412842,-0.033691614866256714
28504.706597617,-0.015840476378798485,21.398019790649414,-4.9384765625,1.1808151006698608,-1.4622708559036255,-0.035843826830387115
28504.73913903,0.021099133417010307,21.346317291259766,-4.938507080078125,1.1821037530899048,-1.4809807538986206,-0.037570521235466
28504.775002834,0.05830902233719826,21.29399299621582,-4.9385986328125,1.1803436279296875,-1.4945508241653442,-0.038975104689598083
28504.806422416,0.09579341113567352,21.24040412902832,-4.93853759765625,1.176357388496399,-1.50420343875885,-0.04115406051278114
28504.838804735,0.13341949880123138,21.186206817626953,-4.938507080078125,1.1711721420288086,-1.5100468397140503,-0.042518917471170425
28504.874617103,0.18053562939167023,21.117958068847656,-4.938507080078125,1.1618536710739136,-1.512402892112732,-0.04473325237631798
28504.906755537,0.21841590106487274,21.06240463256836,-4.938385009765625,1.1541322469711304,-1.5122092962265015,-0.04764178395271301
28504.939152939,0.25629723072052,21.006595611572266,-4.938323974609375,1.1442782878875732,-1.5086911916732788,-0.049534931778907776
28504.97473383,0.29408302903175354,20.95067024230957,-4.938262939453125,1.13258957862854,-1.5019677877426147,-0.05153115093708038
28505.006990132,0.3318002223968506,20.89432144165039,-4.93817138671875,1.1187764406204224,-1.492283582687378,-0.05379869416356087
28505.039120272,0.3786483705043793,20.823850631713867,-4.93798828125,1.0995044708251953,-1.477123498916626,-0.05527165159583092
28505.074940469,0.4158194959163666,20.767667770385742,-4.9378662109375,1.0836344957351685,-1.461805820465088,-0.05814223736524582
28505.10649952,0.45278674364089966,20.71136474609375,-4.93768310546875,1.0661870241165161,-1.4453818798065186,-0.059318218380212784
28505.139054479,0.48938730359077454,20.655473709106445,-4.937530517578125,1.0479774475097656,-1.4255143404006958,-0.06024332344532013
28505.174909123,0.5257325172424316,20.59966278076172,-4.93731689453125,1.0285910367965698,-1.4038439989089966,-0.06224711239337921
28505.206804622,0.5616459846496582,20.54448890686035,-4.9371337890625,1.0098685026168823,-1.3785861730575562,-0.06302465498447418
28505.239143005,0.6059568524360657,20.47627830505371,-4.9368896484375,0.9839457273483276,-1.345179557800293,-0.06448812037706375
28505.274539064,0.6409732699394226,20.42225456237793,-4.936676025390625,0.9625484347343445,-1.3162925243377686,-0.0658082664012909
28505.306411653,0.6754243969917297,20.36916732788086,-4.9365234375,0.9398391246795654,-1.285257339477539,-0.06738583743572235
28505.338965152,0.7092415690422058,20.317113876342773,-4.936431884765625,0.9158537983894348,-1.2522393465042114,-0.06857432425022125
28505.374646609,0.7427107095718384,20.265247344970703,-4.936248779296875,0.8909650444984436,-1.2186245918273926,-0.07039489597082138
28505.406751984,0.7753192782402039,20.21495246887207,-4.93621826171875,0.8653112053871155,-1.1825238466262817,-0.07101909071207047
28505.438712617,0.8073462247848511,20.16542625427246,-4.93609619140625,0.8387099504470825,-1.1457210779190063,-0.07098843902349472
28505.474999757,0.846458375453949,20.10483169555664,-4.9359130859375,0.8053291440010071,-1.0976721048355103,-0.07091999799013138
28505.506963317,0.8767707943916321,20.058067321777344,-4.935821533203125,0.7775903940200806,-1.0582165718078613,-0.07059197872877121
28505.538839156,0.9064189791679382,20.012287139892578,-4.9356689453125,0.7490853667259216,-1.017675518989563,-0.07144015282392502
28505.574971683,0.9354206919670105,19.967573165893555,-4.935516357421875,0.7217247486114502,-0.9755897521972656,-0.0718429908156395
28505.606763953,0.9633870124816895,19.92479705810547,-4.93548583984375,0.6936813592910767,-0.9324524402618408,-0.07243884354829788
28505.638772114,0.9975828528404236,19.872554779052734,-4.9354248046875,0.6574275493621826,-0.8790351748466492,-0.07315638661384583
28505.674977304,1.0240869522094727,19.832185745239258,-4.93536376953125,0.6291651725769043,-0.8348456621170044,-0.07294527441263199
28505.706765899,1.0494974851608276,19.793869018554688,-4.93548583984375,0.6005940437316895,-0.7892298102378845,-0.07278195768594742
28505.739153823,1.0744446516036987,19.75642204284668,-4.935516357421875,0.5716750621795654,-0.7425835728645325,-0.07285880297422409
28505.774945719,1.0984594821929932,19.72067642211914,-4.935638427734375,0.5425103902816772,-0.6967906355857849,-0.07271488755941391
28505.806818492,1.121610164642334,19.686506271362305,-4.935150146484375,0.5208461284637451,-0.6566813588142395,-0.032992199063301086
28505.839218867,1.1444971561431885,19.654178619384766,-4.93572998046875,0.5208739042282104,-0.5680124759674072,-0.143183171749115
28505.874766463,1.1740752458572388,19.6186580657959,-4.9415283203125,0.5732983350753784,-0.422944039106369,-0.26665619015693665
28505.906993231,1.199904203414917,19.595001220703125,-4.949188232421875,0.6540131568908691,-0.2881258726119995,-0.330277681350708
28505.938751633,1.2289209365844727,19.57573890686035,-4.958404541015625,0.7599760890007019,-0.13771072030067444,-0.3647367060184479
28505.975007478,1.2615560293197632,19.56173324584961,-4.968414306640625,0.8837024569511414,0.02402602508664131,-0.3761165738105774
28506.006725916,1.298388123512268,19.55294418334961,-4.978485107421875,1.0191415548324585,0.19437728822231293,-0.3688317835330963
28506.03861434,1.350332498550415,19.549701690673828,-4.99017333984375,1.2000205516815186,0.4157085120677948,-0.3440578877925873
28506.074943198,1.3967392444610596,19.553382873535156,-4.998443603515625,1.3509225845336914,0.5999066829681396,-0.31684690713882446
28506.106731415,1.4474034309387207,19.5622615814209,-5.00543212890625,1.5071227550506592,0.7872491478919983,-0.2873791456222534
28506.13907515,1.5022046566009521,19.576860427856445,-5.011505126953125,1.6639896631240845,0.9766792058944702,-0.25655093789100647
28506.174933781,1.5612322092056274,19.597333908081055,-5.016632080078125,1.8225771188735962,1.1687697172164917,-0.2277984768152237
28506.206678801,1.623860478401184,19.622325897216797,-5.02093505859375,1.9814304113388062,1.3620164394378662,-0.20088577270507812
28506.239085055,1.7082850933074951,19.66252326965332,-5.02557373046875,2.181297540664673,1.6062780618667603,-0.1723097264766693
28506.274808627,1.7805278301239014,19.7012996673584,-5.02874755859375,2.3396859169006348,1.8018337488174438,-0.15274904668331146
28506.306622443,1.8563942909240723,19.744596481323242,-5.031585693359375,2.4968557357788086,1.995349645614624,-0.135293111205101
28506.33882666,1.9368984699249268,19.79470443725586,-5.034149169921875,2.6535329818725586,2.1899619102478027,-0.11946482956409454
28506.375062983,2.021327257156372,19.850107192993164,-5.036468505859375,2.8093717098236084,2.385639190673828,-0.10718914866447449
28506.406796205,2.109830379486084,19.910972595214844,-5.038604736328125,2.9625871181488037,2.5806970596313477,-0.09530459344387054
28506.439167782,2.2030673027038574,19.978864669799805,-5.04058837890625,3.1151654720306396,2.776193857192993,-0.08533493429422379
28506.474840078,2.3249895572662354,20.07073974609375,-5.042816162109375,3.3026785850524902,3.0195558071136475,-0.07397915422916412
28506.506863301,2.4273223876953125,20.150888442993164,-5.04449462890625,3.4501047134399414,3.2151293754577637,-0.06678526848554611
28506.538904945,2.5343830585479736,20.23821258544922,-5.046112060546875,3.597329616546631,3.41153621673584,-0.0600145123898983
28506.575159591,2.645228147506714,20.330352783203125,-5.047576904296875,3.7424309253692627,3.6055290699005127,-0.05381698161363602
28506.606954025,2.7605810165405273,20.42899513244629,-5.048980712890625,3.886072874069214,3.800105571746826,-0.048146143555641174
28506.639120029,2.9111640453338623,20.561725616455078,-5.050628662109375,4.063793182373047,4.045089244842529,-0.04063654690980911
28506.674649488,3.036161184310913,20.673927307128906,-5.05181884765625,4.2034912109375,4.241252899169922,-0.035399194806814194
28506.706617462,3.165674924850464,20.792757034301758,-5.052886962890625,4.342423915863037,4.43877649307251,-0.030170418322086334
28506.739166035,3.2996528148651123,20.918197631835938,-5.053863525390625,4.477622985839844,4.633248805999756,-0.021843668073415756
28506.774560496,3.4377167224884033,21.049346923828125,-5.0545654296875,4.6091389656066895,4.8228864669799805,-0.009833076037466526
28506.806895525,3.580042600631714,21.186859130859375,-5.054962158203125,4.736473560333252,5.0085954666137695,0.004615044686943293
28506.839292299,3.7636823654174805,21.366973876953125,-5.054779052734375,4.890369892120361,5.234544277191162,0.024851176887750626
28506.874927173,3.914954423904419,21.517330169677734,-5.054107666015625,5.008701324462891,5.4101152420043945,0.04128069803118706
28506.906718243,4.070137977600098,21.673633575439453,-5.052978515625,5.122539043426514,5.581211090087891,0.056251995265483856
28506.939000325,4.229078769683838,21.835182189941406,-5.0513916015625,5.232868194580078,5.7452874183654785,0.07208721339702606
28506.975161899,4.391687393188477,22.00225067138672,-5.04931640625,5.335103511810303,5.900634765625,0.09043782204389572
28507.006703585,4.557674884796143,22.174556732177734,-5.046722412109375,5.428834915161133,6.045724868774414,0.10909108817577362
28507.038903963,4.726867198944092,22.350805282592773,-5.043548583984375,5.515742301940918,6.179309368133545,0.1277603656053543
28507.074876932,4.942629337310791,22.578096389770508,-5.038909912109375,5.613432884216309,6.333982467651367,0.14798901975154877
28507.106683325,5.118261814117432,22.764650344848633,-5.034759521484375,5.681008338928223,6.444645404815674,0.16164086759090424
28507.139080577,5.2964630126953125,22.95439910888672,-5.030181884765625,5.7406816482543945,6.545709609985352,0.1719111204147339
28507.175013983,5.476870536804199,23.148326873779297,-5.02532958984375,5.790625095367432,6.635598659515381,0.17974770069122314
28507.206943512,5.659218788146973,23.345088958740234,-5.02032470703125,5.829137802124023,6.713249683380127,0.1839042454957962
28507.239526972,5.889674186706543,23.594995498657227,-5.013916015625,5.864269733428955,6.796077251434326,0.1832350790500641
28507.274449886,6.075489044189453,23.7982120513916,-5.00885009765625,5.882735729217529,6.852234840393066,0.1795935481786728
28507.306868525,6.262444972991943,24.003568649291992,-5.00384521484375,5.891885757446289,6.897187232971191,0.1736128032207489
28507.339117789,6.450484275817871,24.21094512939453,-4.998931884765625,5.893320560455322,6.932069778442383,0.16511453688144684
28507.37490319,6.638780117034912,24.42035675048828,-4.9942626953125,5.882879257202148,6.954996109008789,0.1535063236951828
28507.40709122,6.827754020690918,24.63096046447754,-4.98974609375,5.8641204833984375,6.968088626861572,0.1399865597486496
28507.438963692,7.016732215881348,24.842924118041992,-4.985443115234375,5.83678674697876,6.969579696655273,0.12672005593776703
28507.474917995,7.252373695373535,25.109180450439453,-4.980499267578125,5.79038143157959,6.95880651473999,0.10878683626651764
28507.506780614,7.440794467926025,25.322858810424805,-4.9765625,5.7442827224731445,6.938910007476807,0.09433116763830185
28507.538957378,7.628310680389404,25.536935806274414,-4.972930908203125,5.689267635345459,6.9101667404174805,0.07899162173271179
28507.574970554,7.814612865447998,25.75104331970215,-4.96954345703125,5.627064228057861,6.871862888336182,0.0652952492237091
28507.606629644,7.999895095825195,25.965063095092773,-4.96624755859375,5.557567596435547,6.824630260467529,0.05056499317288399
28507.638694983,8.229336738586426,26.23195457458496,-4.962371826171875,5.462184906005859,6.754396438598633,0.03547241911292076
28507.674730636,8.410791397094727,26.44460105895996,-4.959442138671875,5.379397869110107,6.689458847045898,0.02507643587887287
28507.706889321,8.590633392333984,26.656471252441406,-4.956512451171875,5.2909722328186035,6.618049621582031,0.0143424728885293
28507.739167495,8.768111228942871,26.867033004760742,-4.9537353515625,5.197902679443359,6.540060520172119,0.00451037660241127
28507.774961845,8.943644523620605,27.076452255249023,-4.950927734375,5.100679874420166,6.456023693084717,-0.004262061789631844
28507.806715074,9.116479873657227,27.284183502197266,-4.948272705078125,4.99893856048584,6.365731239318848,-0.01230573933571577
28507.838837375,9.286420822143555,27.489952087402344,-4.945709228515625,4.893326282501221,6.270101070404053,-0.020171184092760086
28507.874799499,9.495944023132324,27.745342254638672,-4.94232177734375,4.758493900299072,6.143975734710693,-0.027524137869477272
28507.906664123,9.659831047058105,27.94684410095215,-4.93975830078125,4.646127223968506,6.0361433029174805,-0.03280580788850784
28507.939055368,9.820369720458984,28.14570426940918,-4.937286376953125,4.531414985656738,5.923977375030518,-0.03694446384906769
28507.974963566,9.97870922088623,28.342947006225586,-4.934600830078125,4.414089202880859,5.807928562164307,-0.03985936567187309
28508.006793791,10.132766723632812,28.536651611328125,-4.93212890625,4.2934041023254395,5.6874308586120605,-0.041927266865968704
28508.039182298,10.283743858337402,28.727867126464844,-4.9295654296875,4.172068119049072,5.563449859619141,-0.04380039870738983
28508.07488024,10.467761039733887,28.963083267211914,-4.92620849609375,4.0160017013549805,5.40431547164917,-0.04459633678197861
28508.106581112,10.610154151916504,29.14703941345215,-4.92364501953125,3.8882622718811035,5.271724700927734,-0.046109721064567566
28508.138715548,10.749061584472656,29.327991485595703,-4.921051025390625,3.7600162029266357,5.136878490447998,-0.046170108020305634
28508.17523744,10.884337425231934,29.505859375,-4.918304443359375,3.6296732425689697,4.998785018920898,-0.046242646872997284
28508.206815591,11.014671325683594,29.679027557373047,-4.915740966796875,3.4981327056884766,4.85670804977417,-0.04622158780694008
28508.239184019,11.172691345214844,29.89133071899414,-4.91229248046875,3.3330676555633545,4.677372932434082,-0.04520135372877121
28508.274923841,11.294464111328125,30.057031631469727,-4.90948486328125,3.2003097534179688,4.533455848693848,-0.04541313275694847
28508.306709801,11.411115646362305,30.217681884765625,-4.906951904296875,3.06683611869812,4.386046409606934,-0.04573936387896538
28508.339005434,11.524404525756836,30.375518798828125,-4.904205322265625,2.934281349182129,4.238628387451172,-0.04508201405405998
28508.374967862,11.633074760437012,30.528894424438477,-4.901580810546875,2.8009440898895264,4.090324401855469,-0.04383472725749016
28508.4067797,11.737085342407227,30.677722930908203,-4.899139404296875,2.6670820713043213,3.940534830093384,-0.043575987219810486
28508.439141223,11.83701229095459,30.82275390625,-4.896636962890625,2.5334272384643555,3.7899222373962402,-0.04211272671818733
28508.474901602,11.955519676208496,30.997770309448242,-4.893646240234375,2.366713047027588,3.6006946563720703,-0.041631944477558136
28508.506695171,12.045073509216309,31.13245391845703,-4.89141845703125,2.233633279800415,3.4472742080688477,-0.04108106344938278
28508.538751914,12.130477905273438,31.26304054260254,-4.88922119140625,2.102370500564575,3.294959545135498,-0.04093769192695618
28508.574798224,12.211221694946289,31.38868522644043,-4.88720703125,1.9720304012298584,3.1425089836120605,-0.03974436968564987
28508.60689623,12.287808418273926,31.510107040405273,-4.88525390625,1.8438814878463745,2.991588830947876,-0.03911562263965607
28508.639238447,12.377161979675293,31.655052185058594,-4.88299560546875,1.6841100454330444,2.80291485786438,-0.03741152957081795
28508.675005214,12.443634986877441,31.76567268371582,-4.88128662109375,1.5584636926651,2.653296947479248,-0.037280257791280746
28508.706697615,12.505949020385742,31.87201499938965,-4.879669189453125,1.4340757131576538,2.5051777362823486,-0.03745885193347931
28508.739033562,12.563729286193848,31.973365783691406,-4.87823486328125,1.311707854270935,2.3573570251464844,-0.03737807646393776
28508.774954285,12.61703872680664,32.0697135925293,-4.876922607421875,1.1907414197921753,2.2095322608947754,-0.037030208855867386
28508.806776477,12.666592597961426,32.162349700927734,-4.875640869140625,1.0710599422454834,2.063882350921631,-0.03753954544663429
28508.838300066,12.722030639648438,32.27042007446289,-4.87432861328125,0.9239304065704346,1.882967233657837,-0.036834120750427246
28508.874724026,12.761556625366211,32.35129165649414,-4.87335205078125,0.8088914752006531,1.7395931482315063,-0.035561852157115936
28508.906744911,12.79731559753418,32.42839431762695,-4.872344970703125,0.6974702477455139,1.599326491355896,-0.0357547365128994
28508.938679355,12.828628540039062,32.49987030029297,-4.87152099609375,0.5879616737365723,1.4601914882659912,-0.03516129404306412
28508.975136509,12.85615062713623,32.56700897216797,-4.8707275390625,0.4802771508693695,1.3217893838882446,-0.034662533551454544
28509.006623551,12.879826545715332,32.6297721862793,-4.869903564453125,0.37422114610671997,1.1864323616027832,-0.03429555892944336
28509.038858824,12.899310111999512,32.687049865722656,-4.869293212890625,0.2718868553638458,1.0528260469436646,-0.033792801201343536
28509.074806109,12.918706893920898,32.75313949584961,-4.868408203125,0.14808668196201324,0.889107882976532,-0.034448884427547455
28509.106745799,12.930022239685059,32.80097198486328,-4.867706298828125,0.05132642760872841,0.7612963318824768,-0.03427598252892494
28509.139214131,12.937509536743164,32.843570709228516,-4.8671875,-0.04132489114999771,0.6360998749732971,-0.03533567488193512
28509.174609119,12.94178295135498,32.88257598876953,-4.86651611328125,-0.13214044272899628,0.5125441551208496,-0.03513474389910698
28509.206702259,12.942556381225586,32.916961669921875,-4.865936279296875,-0.21966388821601868,0.39324769377708435,-0.03612865135073662
28509.239012624,12.938823699951172,32.95350646972656,-4.8653564453125,-0.32341060042381287,0.24731965363025665,-0.037225332111120224
28509.275172433,12.93240737915039,32.97859191894531,-4.86480712890625,-0.4040069282054901,0.1342008262872696,-0.03804770112037659
28509.306812951,12.922882080078125,32.999305725097656,-4.86431884765625,-0.48129719495773315,0.023580078035593033,-0.039409127086400986
28509.339200857,12.910408020019531,33.015743255615234,-4.863922119140625,-0.5540228486061096,-0.08468099683523178,-0.04136247560381889
28509.374994134,12.895215034484863,33.02843475341797,-4.863494873046875,-0.6236557960510254,-0.1879292130470276,-0.043842863291502
28509.40666476,12.877317428588867,33.037078857421875,-4.8631591796875,-0.6898716688156128,-0.2890409231185913,-0.046215154230594635
28509.439123398,12.851269721984863,33.042606353759766,-4.862762451171875,-0.7678267955780029,-0.41084152460098267,-0.049414392560720444
28509.474647851,12.82768440246582,33.04296112060547,-4.862457275390625,-0.8252660632133484,-0.5046401023864746,-0.051340747624635696
28509.50640903,12.80180835723877,33.03960418701172,-4.862213134765625,-0.8797655701637268,-0.5943139791488647,-0.05405532568693161
28509.53906271,12.773659706115723,33.032901763916016,-4.861907958984375,-0.9316463470458984,-0.6802297234535217,-0.05735466256737709
28509.574984407,12.743449211120605,33.022735595703125,-4.861724853515625,-0.9789325594902039,-0.7624415755271912,-0.06043123081326485
28509.606661525,12.711326599121094,33.00927734375,-4.861572265625,-1.0238875150680542,-0.8403977155685425,-0.06344030052423477
28509.6389615,12.668334007263184,32.98835754394531,-4.861236572265625,-1.0752696990966797,-0.9323835968971252,-0.06791991740465164
28509.674326769,12.632094383239746,32.968135833740234,-4.861114501953125,-1.111721158027649,-1.0026565790176392,-0.07191289216279984
28509.70671481,12.594369888305664,32.945030212402344,-4.861083984375,-1.144246220588684,-1.0687392950057983,-0.0767378956079483
28509.738748226,12.554930686950684,32.91936111450195,-4.86090087890625,-1.1745117902755737,-1.1307852268218994,-0.08045782893896103
28509.775192392,12.514371871948242,32.89090347290039,-4.8609619140625,-1.1998428106307983,-1.1878362894058228,-0.08518445491790771
28509.806743421,12.472506523132324,32.86003494262695,-4.8609619140625,-1.222115397453308,-1.2425204515457153,-0.08985087275505066
28509.838970421,12.418498992919922,32.81809997558594,-4.8609619140625,-1.2457220554351807,-1.3047810792922974,-0.09533070772886276
28509.874871316,12.374399185180664,32.781959533691406,-4.8612060546875,-1.260459303855896,-1.3514775037765503,-0.10082540661096573
28509.906687191,12.329391479492188,32.743675231933594,-4.861419677734375,-1.2720754146575928,-1.3943061828613281,-0.10507223010063171
28509.9388582,12.283544540405273,32.703277587890625,-4.861541748046875,-1.2817058563232422,-1.4336167573928833,-0.10917025804519653
28509.975115938,12.237401008605957,32.66102600097656,-4.861968994140625,-1.2883994579315186,-1.468077301979065,-0.11321346461772919
28510.006680695,12.190345764160156,32.61689758300781,-4.862091064453125,-1.2928317785263062,-1.4993476867675781,-0.11651626229286194
28510.039112201,12.142934799194336,32.57111358642578,-4.8623046875,-1.2938241958618164,-1.5279948711395264,-0.11925198882818222
28510.075031328,12.083466529846191,32.51182174682617,-4.862762451171875,-1.2905585765838623,-1.5592397451400757,-0.12297458946704865
28510.106655445,12.035218238830566,32.46268844604492,-4.8629150390625,-1.2866930961608887,-1.5805034637451172,-0.12589424848556519
28510.138956931,11.986946105957031,32.41230010986328,-4.863189697265625,-1.27967369556427,-1.597247838973999,-0.12912344932556152
28510.174297226,11.938803672790527,32.36084747314453,-4.863555908203125,-1.2686659097671509,-1.6093454360961914,-0.13274264335632324
28510.206887089,11.890571594238281,32.30829620361328,-4.863922119140625,-1.2555903196334839,-1.6193429231643677,-0.1355413943529129
28510.239533047,11.842650413513184,32.25489044189453,-4.864410400390625,-1.239238977432251,-1.6270452737808228,-0.1381300985813141
28510.275107336,11.783018112182617,32.186927795410156,-4.865020751953125,-1.2175654172897339,-1.6315457820892334,-0.141692653298378
28510.306818882,11.735550880432129,32.131736755371094,-4.86553955078125,-1.1983578205108643,-1.630490779876709,-0.14402969181537628
28510.339022371,11.688636779785156,32.076148986816406,-4.866180419921875,-1.1772403717041016,-1.627280592918396,-0.14677731692790985
28510.37504633,11.64199447631836,32.020023345947266,-4.866790771484375,-1.1544865369796753,-1.6212294101715088,-0.14893677830696106
28510.406704496,11.59599781036377,31.963695526123047,-4.86749267578125,-1.1305381059646606,-1.6137908697128296,-0.15083181858062744
28510.438986797,11.550731658935547,31.90727424621582,-4.868316650390625,-1.1045819520950317,-1.6027297973632812,-0.15305514633655548
28510.474929593,11.494559288024902,31.836162567138672,-4.869110107421875,-1.0703445672988892,-1.5862106084823608,-0.15425489842891693
28510.506616795,11.450712203979492,31.77941131591797,-4.869842529296875,-1.0415973663330078,-1.5711432695388794,-0.15659625828266144
28510.539099425,11.40778923034668,31.722862243652344,-4.87066650390625,-1.0124237537384033,-1.552205204963684,-0.15765945613384247
28510.574953191,11.365206718444824,31.665964126586914,-4.8712158203125,-0.9817412495613098,-1.5324535369873047,-0.15902213752269745
28510.606714124,11.324051856994629,31.60978126525879,-4.87200927734375,-0.9494681358337402,-1.5104913711547852,-0.15963757038116455
28510.638834774,11.283673286437988,31.553781509399414,-4.87274169921875,-0.9165948629379272,-1.4852752685546875,-0.1601630300283432
28510.674670415,11.234415054321289,31.48427391052246,-4.873565673828125,-0.8750545382499695,-1.4511077404022217,-0.16139771044254303
28510.706329984,11.19648265838623,31.42961311340332,-4.87445068359375,-0.839642345905304,-1.4224900007247925,-0.16350173950195312
28510.738814901,11.159418106079102,31.375391006469727,-4.87530517578125,-0.8039994239807129,-1.3910685777664185,-0.16379939019680023
28510.774867863,11.123185157775879,31.32172203063965,-4.876129150390625,-0.768393337726593,-1.359969973564148,-0.1640339493751526
